campaign_id,date,campaign_name,channel,city,audience_segment,objective,spend_aud,impressions,clicks,leads,conversions,revenue_aud,customer_rating,ctr_pct,cpc_aud,conversion_rate_pct,cpa_aud,roas,aov_aud,year_week
CMP-0289,2025-01-01,Festival Push - Influencer,Influencer,Bangalore,Corporate Buyers,Ticket Sales,635.94,14296,478,85,6,1744.69,4.39,3.343592613318411,1.330418410041841,1.2552301255230125,105.99000000000001,2.743482089505299,290.7816666666667,2025-00
CMP-0470,2025-01-01,Summer Launch - Email,Email,Mumbai,Families,Awareness,397.78,4875,443,73,10,1401.19,4.25,9.087179487179489,0.897923250564334,2.2573363431151243,39.778,3.5225250138267388,140.119,2025-00
CMP-0227,2025-01-02,Corporate Outreach - Meta Ads,Meta Ads,Mumbai,Corporate Buyers,Sponsorship,751.35,21514,630,129,7,1421.22,4.63,2.9283257413777077,1.1926190476190477,1.1111111111111112,107.33571428571429,1.89155520063885,203.03142857142856,2025-00
CMP-0201,2025-01-03,Corporate Outreach - Google Search,Google Search,Melbourne,Families,Lead Generation,1574.71,47698,2145,348,50,9835.97,3.89,4.497043901211791,0.7341305361305361,2.331002331002331,31.4942,6.246210413345949,196.71939999999998,2025-00
CMP-0331,2025-01-03,Summer Launch - Google Search,Google Search,Brisbane,Music Enthusiasts,Ticket Sales,922.29,15101,850,150,11,3384.19,3.55,5.628766306867094,1.0850470588235295,1.2941176470588236,83.84454545454545,3.6693339405176246,307.6536363636364,2025-00
CMP-0415,2025-01-03,VIP Upgrade - LinkedIn Ads,LinkedIn Ads,Sydney,Music Enthusiasts,Ticket Sales,916.41,17130,233,39,5,1058.71,4.06,1.3601868067717455,3.9330901287553646,2.1459227467811157,183.28199999999998,1.1552798419921215,211.74200000000002,2025-00
CMP-0325,2025-01-04,Festival Push - Meta Ads,Meta Ads,Bangalore,Students,Lead Generation,931.0,20843,548,93,9,1566.0,4.15,2.6291800604519504,1.698905109489051,1.6423357664233578,103.44444444444444,1.682062298603652,174.0,2025-00
CMP-0034,2025-01-05,Weekend Boost - Google Search,Google Search,Bangalore,Corporate Buyers,Ticket Sales,1708.34,23218,935,115,26,9361.38,4.38,4.027047980015505,1.8271016042780748,2.7807486631016043,65.70538461538462,5.479810810494397,360.0530769230769,2025-01
CMP-0252,2025-01-05,Corporate Outreach - Meta Ads,Meta Ads,Melbourne,Corporate Buyers,Lead Generation,364.57,5363,130,19,2,529.13,4.51,2.424016408726459,2.8043846153846155,1.5384615384615385,182.285,1.4513810790794635,264.565,2025-01
CMP-0193,2025-01-07,Weekend Boost - Meta Ads,Meta Ads,Sydney,Music Enthusiasts,Sponsorship,1145.95,27873,712,116,16,3895.03,4.05,2.5544433681340366,1.6094803370786517,2.247191011235955,71.621875,3.398952833893276,243.439375,2025-01
CMP-0371,2025-01-07,Weekend Boost - Google Search,Google Search,Melbourne,Premium Experience Seekers,Awareness,1016.07,23999,1509,308,22,10024.23,4.63,6.28776199008292,0.6733399602385686,1.4579191517561298,46.185,9.865688387611089,455.64681818181816,2025-01
CMP-0174,2025-01-08,Festival Push - Meta Ads,Meta Ads,Brisbane,Corporate Buyers,Ticket Sales,1034.44,17514,404,53,6,1665.85,4.28,2.306726047733242,2.5604950495049508,1.4851485148514851,172.40666666666667,1.6103882293801475,277.64166666666665,2025-01
CMP-0241,2025-01-08,Festival Push - Meta Ads,Meta Ads,Bangalore,Music Enthusiasts,Awareness,1185.74,25571,641,79,7,1858.8,3.78,2.50674592311603,1.8498283931357253,1.0920436817472698,169.39142857142858,1.5676286538364228,265.54285714285714,2025-01
CMP-0509,2025-01-08,Early Bird - Meta Ads,Meta Ads,Melbourne,Students,Ticket Sales,1092.61,19797,400,81,9,1271.91,4.07,2.020508157801687,2.7315249999999995,2.25,121.4011111111111,1.1641024702318303,141.32333333333335,2025-01
CMP-0074,2025-01-09,VIP Upgrade - Google Search,Google Search,Melbourne,Music Enthusiasts,Sponsorship,1916.77,38608,2641,466,101,31012.14,5.0,6.840551181102363,0.7257743279060962,3.824308973873533,18.977920792079207,16.179374677191316,307.0508910891089,2025-01
CMP-0169,2025-01-09,Last Mile Sales - Email,Email,Sydney,Premium Experience Seekers,Sponsorship,385.63,5060,431,64,28,4891.32,4.76,8.517786561264822,0.8947331786542924,6.496519721577726,13.772499999999999,12.683971682701035,174.69,2025-01
CMP-0237,2025-01-10,Summer Launch - Influencer,Influencer,Mumbai,Families,Lead Generation,1012.41,21102,633,122,2,403.14,4.16,2.9997156667614444,1.5993838862559242,0.315955766192733,506.205,0.3981983583725961,201.57,2025-01
CMP-0273,2025-01-10,VIP Upgrade - Retargeting,Retargeting,Melbourne,Music Enthusiasts,Awareness,911.43,24119,1952,370,71,14407.2,4.15,8.093204527550894,0.466921106557377,3.637295081967213,12.837042253521126,15.807247951022022,202.91830985915493,2025-01
CMP-0506,2025-01-10,Weekend Boost - Email,Email,Melbourne,Premium Experience Seekers,Retargeting,331.87,5990,714,125,35,11000.88,4.4,11.919866444073456,0.46480392156862743,4.901960784313726,9.482,33.14816042426251,314.3108571428571,2025-01
CMP-0118,2025-01-14,Early Bird - Email,Email,Sydney,Students,Ticket Sales,272.81,4329,563,107,20,3448.32,4.16,13.005313005313004,0.4845648312611012,3.5523978685612785,13.6405,12.640005864887652,172.416,2025-02
CMP-0213,2025-01-14,Summer Launch - Email,Email,Melbourne,Premium Experience Seekers,Lead Generation,329.18,6264,476,69,17,5149.74,4.15,7.598978288633461,0.6915546218487395,3.571428571428571,19.363529411764706,15.644146059906433,302.9258823529412,2025-02
CMP-0246,2025-01-14,Festival Push - Meta Ads,Meta Ads,Brisbane,Corporate Buyers,Retargeting,1453.65,17934,508,66,6,1368.15,4.05,2.8326084532173526,2.861515748031496,1.1811023622047243,242.275,0.9411825405014962,228.025,2025-02
CMP-0398,2025-01-15,VIP Upgrade - Google Search,Google Search,Melbourne,Young Professionals,Ticket Sales,1355.25,21106,1233,267,43,6740.03,3.86,5.841940680375249,1.0991484184914841,3.4874290348742907,31.517441860465116,4.973274303634016,156.74488372093023,2025-02
CMP-0220,2025-01-16,VIP Upgrade - Email,Email,Bangalore,Music Enthusiasts,Ticket Sales,472.93,9867,1039,191,42,8546.6,4.7,10.530049660484444,0.45517805582290666,4.042348411934552,11.260238095238096,18.07159621931364,203.4904761904762,2025-02
CMP-0344,2025-01-16,Weekend Boost - Meta Ads,Meta Ads,Melbourne,Premium Experience Seekers,Retargeting,677.71,15359,415,87,10,1805.31,3.7,2.701998828048701,1.6330361445783133,2.4096385542168677,67.771,2.6638385149990405,180.531,2025-02
CMP-0195,2025-01-17,Student Offer - Email,Email,Delhi,Families,Retargeting,333.52,7443,954,180,43,5166.99,3.75,12.817412333736398,0.34960167714884693,4.5073375262054505,7.756279069767442,15.492294315183498,120.16255813953488,2025-02
CMP-0307,2025-01-17,Corporate Outreach - Sponsorship,Sponsorship,Melbourne,Music Enthusiasts,Awareness,1691.44,32181,717,145,6,3315.37,4.78,2.2280227463410087,2.3590516039051606,0.8368200836820083,281.9066666666667,1.960087262923899,552.5616666666666,2025-02
CMP-0062,2025-01-19,Summer Launch - LinkedIn Ads,LinkedIn Ads,Brisbane,Families,Lead Generation,597.55,11814,196,28,1,363.81,4.12,1.659048586422888,3.048724489795918,0.5102040816326531,597.55,0.6088360806627061,363.81,2025-03
CMP-0107,2025-01-19,Summer Launch - Retargeting,Retargeting,Mumbai,Music Enthusiasts,Awareness,251.64,3829,336,59,12,3111.61,4.47,8.775137111517367,0.7489285714285714,3.571428571428571,20.97,12.365323477984424,259.30083333333334,2025-03
CMP-0242,2025-01-20,Weekend Boost - Retargeting,Retargeting,Sydney,Students,Ticket Sales,547.77,7412,475,100,20,2848.66,3.56,6.408526713437669,1.1532,4.2105263157894735,27.3885,5.200467349434982,142.433,2025-03
CMP-0209,2025-01-22,Corporate Outreach - Email,Email,Sydney,Premium Experience Seekers,Retargeting,379.9,9304,849,94,46,7256.68,4.31,9.125107480653483,0.44746760895170784,5.418138987043581,8.258695652173913,19.101553040273757,157.75391304347826,2025-03
CMP-0425,2025-01-24,Festival Push - Meta Ads,Meta Ads,Bangalore,Young Professionals,Awareness,558.5,8625,231,48,3,682.56,3.94,2.6782608695652175,2.4177489177489178,1.2987012987012987,186.16666666666666,1.2221307072515666,227.51999999999998,2025-03
CMP-0476,2025-01-24,Last Mile Sales - Influencer,Influencer,Sydney,Premium Experience Seekers,Lead Generation,960.66,14603,438,78,5,1285.45,3.96,2.9993836882832294,2.1932876712328766,1.141552511415525,192.132,1.3380904794620365,257.09000000000003,2025-03
CMP-0135,2025-01-26,Festival Push - Sponsorship,Sponsorship,Melbourne,Music Enthusiasts,Sponsorship,1072.31,27950,479,100,11,5734.07,4.68,1.7137745974955276,2.238643006263048,2.2964509394572024,97.48272727272727,5.347399539312326,521.2790909090909,2025-04
CMP-0269,2025-01-27,Student Offer - Influencer,Influencer,Delhi,Families,Awareness,760.88,15998,534,134,2,449.44,4.27,3.337917239654957,1.424868913857678,0.37453183520599254,380.44,0.5906844706129745,224.72,2025-04
CMP-0368,2025-01-28,Festival Push - Email,Email,Melbourne,Corporate Buyers,Awareness,434.47,7224,698,85,9,2258.29,3.92,9.662236987818384,0.6224498567335244,1.2893982808022924,48.27444444444445,5.197804221235067,250.92111111111112,2025-04
CMP-0122,2025-01-29,Corporate Outreach - Meta Ads,Meta Ads,Sydney,Families,Awareness,1072.31,17517,415,96,3,550.29,3.55,2.3691271336416055,2.583879518072289,0.7228915662650602,357.43666666666667,0.5131818224207552,183.42999999999998,2025-04
CMP-0441,2025-01-29,Early Bird - Meta Ads,Meta Ads,Mumbai,Young Professionals,Retargeting,259.93,5073,132,27,1,250.87,4.49,2.6020106445890008,1.9691666666666667,0.7575757575757576,259.93,0.9651444619705305,250.87,2025-04
CMP-0019,2025-01-31,Student Offer - Email,Email,Melbourne,Premium Experience Seekers,Ticket Sales,322.74,5829,504,108,26,8362.0,4.15,8.646423057128153,0.6403571428571428,5.158730158730158,12.413076923076924,25.90940075602652,321.61538461538464,2025-04
CMP-0324,2025-02-01,Corporate Outreach - Google Search,Google Search,Delhi,Families,Retargeting,1698.98,28612,1300,226,28,4507.7,4.18,4.543548161610513,1.3069076923076923,2.1538461538461537,60.67785714285714,2.6531801433801454,160.9892857142857,2025-04
CMP-0073,2025-02-02,VIP Upgrade - Influencer,Influencer,Mumbai,Families,Ticket Sales,191.22,4127,163,22,1,157.69,3.89,3.949600193845408,1.1731288343558282,0.6134969325153374,191.22,0.8246522330300178,157.69,2025-05
CMP-0194,2025-02-03,Summer Launch - Influencer,Influencer,Mumbai,Corporate Buyers,Ticket Sales,575.63,11544,358,63,3,568.3,4.23,3.1011781011781014,1.607905027932961,0.8379888268156425,191.87666666666667,0.9872661258099821,189.4333333333333,2025-05
CMP-0466,2025-02-03,Early Bird - Influencer,Influencer,Sydney,Premium Experience Seekers,Sponsorship,550.93,8740,294,51,4,1474.25,4.47,3.363844393592677,1.8739115646258502,1.3605442176870748,137.7325,2.675929791443559,368.5625,2025-05
CMP-0475,2025-02-03,Early Bird - Meta Ads,Meta Ads,Bangalore,Corporate Buyers,Awareness,1118.71,25852,859,138,12,3865.45,3.62,3.3227603280210425,1.3023399301513388,1.3969732246798603,93.22583333333334,3.4552743785252655,322.12083333333334,2025-05
CMP-0011,2025-02-04,Corporate Outreach - Influencer,Influencer,Sydney,Young Professionals,Ticket Sales,542.2,11232,361,82,5,1223.03,4.71,3.214031339031339,1.5019390581717453,1.3850415512465373,108.44000000000001,2.2556805606787163,244.606,2025-05
CMP-0025,2025-02-04,Weekend Boost - Google Search,Google Search,Sydney,Premium Experience Seekers,Awareness,1341.96,29416,1049,222,21,5521.11,4.03,3.566086483546369,1.2792755004766445,2.001906577693041,63.902857142857144,4.11421353840651,262.90999999999997,2025-05
CMP-0184,2025-02-04,VIP Upgrade - Sponsorship,Sponsorship,Sydney,Families,Retargeting,2076.66,43665,543,84,13,5050.85,4.02,1.2435589144623842,3.8244198895027623,2.394106813996317,159.7430769230769,2.432198819257847,388.5269230769231,2025-05
CMP-0253,2025-02-04,Last Mile Sales - Sponsorship,Sponsorship,Mumbai,Families,Awareness,1507.51,27755,469,70,5,2027.19,3.97,1.6897856242118536,3.2143070362473347,1.0660980810234542,301.502,1.3447273981598795,405.438,2025-05
CMP-0352,2025-02-04,Corporate Outreach - Email,Email,Sydney,Young Professionals,Retargeting,381.55,10260,972,171,62,14212.31,4.09,9.473684210526317,0.3925411522633745,6.378600823045268,6.154032258064516,37.24887957017429,229.2308064516129,2025-05
CMP-0099,2025-02-06,VIP Upgrade - Google Search,Google Search,Melbourne,Students,Sponsorship,1155.45,31295,1598,273,28,4518.58,4.11,5.106247004313788,0.7230600750938674,1.7521902377972465,41.26607142857143,3.910666839759401,161.37785714285715,2025-05
CMP-0488,2025-02-08,Summer Launch - Sponsorship,Sponsorship,Mumbai,Premium Experience Seekers,Ticket Sales,1214.85,17769,413,110,8,3703.5,3.93,2.3242726096009902,2.9415254237288133,1.937046004842615,151.85625,3.048524509198667,462.9375,2025-05
CMP-0054,2025-02-09,Early Bird - Google Search,Google Search,Sydney,Premium Experience Seekers,Awareness,1332.35,19059,1070,162,13,5232.95,4.28,5.614145548035049,1.2451869158878504,1.2149532710280373,102.48846153846154,3.9276091117198937,402.5346153846154,2025-06
CMP-0302,2025-02-10,Student Offer - Sponsorship,Sponsorship,Brisbane,Music Enthusiasts,Retargeting,1468.88,29753,499,109,7,3388.97,4.54,1.6771418008268073,2.9436472945891787,1.402805611222445,209.84,2.3071796198464134,484.1385714285714,2025-06
CMP-0067,2025-02-11,Early Bird - Meta Ads,Meta Ads,Delhi,Students,Sponsorship,1322.91,29820,912,184,17,1566.95,4.23,3.058350100603622,1.4505592105263159,1.8640350877192982,77.81823529411766,1.1844721107255973,92.1735294117647,2025-06
CMP-0191,2025-02-12,Summer Launch - Meta Ads,Meta Ads,Bangalore,Families,Awareness,1562.04,32705,586,84,3,501.4,4.16,1.7917749579574989,2.6655972696245733,0.5119453924914675,520.68,0.3209904996030831,167.13333333333333,2025-06
CMP-0505,2025-02-12,Student Offer - Meta Ads,Meta Ads,Melbourne,Music Enthusiasts,Awareness,740.62,15519,355,61,4,214.67,5.0,2.287518525678201,2.0862535211267605,1.1267605633802817,185.155,0.289851745834571,53.6675,2025-06
CMP-0037,2025-02-13,Student Offer - Sponsorship,Sponsorship,Melbourne,Music Enthusiasts,Retargeting,1892.22,47893,851,193,19,8270.63,3.99,1.7768776230346814,2.2235252643948296,2.2326674500587544,99.59052631578948,4.370860682161693,435.2963157894736,2025-06
CMP-0271,2025-02-13,Early Bird - Google Search,Google Search,Mumbai,Corporate Buyers,Retargeting,1303.93,31134,1979,310,78,21189.83,4.84,6.356394938009894,0.6588832743810006,3.941384537645275,16.717051282051283,16.250741987683387,271.6644871794872,2025-06
CMP-0082,2025-02-15,Early Bird - Email,Email,Sydney,Young Professionals,Awareness,360.17,8882,1059,202,31,4375.56,4.17,11.92299031749606,0.3401038715769594,2.927289896128423,11.618387096774194,12.148596496099065,141.14709677419356,2025-06
CMP-0204,2025-02-18,Weekend Boost - Google Search,Google Search,Mumbai,Corporate Buyers,Ticket Sales,1599.89,26224,982,185,29,8491.14,4.23,3.7446613788895666,1.629215885947047,2.9531568228105907,55.16862068965518,5.3073273787572885,292.79793103448276,2025-07
CMP-0283,2025-02-18,VIP Upgrade - Retargeting,Retargeting,Delhi,Premium Experience Seekers,Ticket Sales,567.29,9270,650,131,18,4722.35,4.73,7.011866235167206,0.8727538461538461,2.769230769230769,31.51611111111111,8.324401981349927,262.3527777777778,2025-07
CMP-0026,2025-02-19,Corporate Outreach - Sponsorship,Sponsorship,Bangalore,Premium Experience Seekers,Sponsorship,1347.7,27776,632,56,14,9499.92,4.3,2.2753456221198154,2.1324367088607596,2.2151898734177213,96.26428571428572,7.048987163315278,678.5657142857143,2025-07
CMP-0031,2025-02-20,VIP Upgrade - Sponsorship,Sponsorship,Delhi,Families,Ticket Sales,1689.91,23107,526,101,11,3981.98,4.48,2.276366469035357,3.2127566539923955,2.091254752851711,153.62818181818182,2.3563266682841095,361.9981818181818,2025-07
CMP-0078,2025-02-20,VIP Upgrade - Retargeting,Retargeting,Mumbai,Corporate Buyers,Awareness,917.04,16758,654,78,14,3373.92,4.06,3.9026136770497675,1.4022018348623853,2.1406727828746175,65.50285714285714,3.6791415859722587,240.99428571428572,2025-07
CMP-0287,2025-02-20,Corporate Outreach - Google Search,Google Search,Brisbane,Corporate Buyers,Sponsorship,1135.81,21909,1061,119,21,8352.03,3.46,4.84275868364599,1.0705089538171535,1.9792648444863337,54.086190476190474,7.353368961357974,397.71571428571434,2025-07
CMP-0448,2025-02-20,Last Mile Sales - Google Search,Google Search,Brisbane,Corporate Buyers,Ticket Sales,1262.8,21131,1274,212,30,11168.11,4.13,6.029056835928257,0.9912087912087911,2.3547880690737837,42.093333333333334,8.843926195755465,372.2703333333333,2025-07
CMP-0171,2025-02-21,VIP Upgrade - Meta Ads,Meta Ads,Melbourne,Corporate Buyers,Sponsorship,492.56,8562,240,34,6,1093.84,4.1,2.8030833917309037,2.0523333333333333,2.5,82.09333333333333,2.2207243787558872,182.30666666666664,2025-07
CMP-0172,2025-02-21,Early Bird - Google Search,Google Search,Mumbai,Young Professionals,Ticket Sales,1167.35,19917,1126,212,33,7904.89,4.48,5.653461866747,1.036722912966252,2.930728241563055,35.374242424242425,6.771653745663255,239.54212121212123,2025-07
CMP-0018,2025-02-22,VIP Upgrade - Sponsorship,Sponsorship,Mumbai,Young Professionals,Ticket Sales,1587.06,40676,744,150,6,2948.85,3.9,1.8290884059396204,2.1331451612903227,0.8064516129032258,264.51,1.8580582964727232,491.47499999999997,2025-07
CMP-0157,2025-02-22,Festival Push - Retargeting,Retargeting,Sydney,Families,Lead Generation,678.49,14313,961,110,34,5821.3,4.15,6.714175923985188,0.7060249739854318,3.537981269510926,19.95558823529412,8.57978746923315,171.21470588235294,2025-07
CMP-0263,2025-02-22,VIP Upgrade - Meta Ads,Meta Ads,Sydney,Premium Experience Seekers,Awareness,1204.86,22486,743,151,12,2078.93,4.11,3.3042782175575915,1.6216150740242259,1.6150740242261103,100.40499999999999,1.7254535796690071,173.24416666666664,2025-07
CMP-0515,2025-02-22,Festival Push - Google Search,Google Search,Brisbane,Families,Awareness,1149.39,29078,1637,410,25,8481.07,4.26,5.629685673017402,0.7021319486866219,1.5271838729383016,45.97560000000001,7.378757427853034,339.2428,2025-07
CMP-0040,2025-02-24,Festival Push - Influencer,Influencer,Bangalore,Corporate Buyers,Retargeting,732.09,15663,656,165,10,2913.17,4.58,4.188214262912596,1.1159908536585366,1.524390243902439,73.209,3.9792511849635974,291.317,2025-08
CMP-0225,2025-02-24,Last Mile Sales - Retargeting,Retargeting,Melbourne,Families,Ticket Sales,763.68,9745,750,194,45,10993.76,4.26,7.6962544894817855,1.01824,6.0,16.970666666666666,14.395767860884142,244.3057777777778,2025-08
CMP-0319,2025-02-24,Weekend Boost - LinkedIn Ads,LinkedIn Ads,Bangalore,Families,Retargeting,1154.32,24182,256,32,6,1905.37,3.97,1.0586386568522042,4.5090625,2.34375,192.38666666666666,1.650642802689029,317.56166666666667,2025-08
CMP-0501,2025-02-24,Early Bird - Meta Ads,Meta Ads,Sydney,Families,Ticket Sales,1025.75,17245,538,37,11,2867.16,3.67,3.119744853580748,1.9065985130111525,2.0446096654275094,93.25,2.795184011698757,260.65090909090907,2025-08
CMP-0351,2025-02-25,Student Offer - Google Search,Google Search,Delhi,Families,Awareness,1563.33,32975,2405,553,36,7382.61,4.36,7.293404094010613,0.650033264033264,1.496881496881497,43.42583333333333,4.722361881368617,205.0725,2025-08
CMP-0023,2025-02-26,Last Mile Sales - Meta Ads,Meta Ads,Melbourne,Premium Experience Seekers,Awareness,943.28,13677,353,60,4,922.42,4.37,2.580975360093588,2.6721813031161474,1.13314447592068,235.82,0.9778856755152234,230.605,2025-08
CMP-0041,2025-02-26,Corporate Outreach - LinkedIn Ads,LinkedIn Ads,Bangalore,Corporate Buyers,Ticket Sales,466.13,5457,61,10,0,0.0,4.59,1.117830309693971,7.641475409836065,0.0,0.0,0.0,0.0,2025-08
CMP-0230,2025-02-26,Early Bird - Meta Ads,Meta Ads,Delhi,Corporate Buyers,Retargeting,828.52,16056,539,124,7,1719.1,4.23,3.3570004982561032,1.5371428571428571,1.2987012987012987,118.36,2.0749046492540915,245.58571428571426,2025-08
CMP-0376,2025-02-26,Weekend Boost - Sponsorship,Sponsorship,Mumbai,Music Enthusiasts,Lead Generation,2137.08,36636,578,101,9,4335.57,3.65,1.5776831531826618,3.6973702422145327,1.5570934256055362,237.45333333333332,2.0287354708293557,481.72999999999996,2025-08
CMP-0335,2025-02-27,Weekend Boost - Sponsorship,Sponsorship,Mumbai,Families,Sponsorship,1839.28,45849,815,140,15,5860.49,4.5,1.7775742109969683,2.25678527607362,1.8404907975460123,122.61866666666667,3.186295724413901,390.6993333333333,2025-08
CMP-0340,2025-02-27,Corporate Outreach - Meta Ads,Meta Ads,Melbourne,Premium Experience Seekers,Ticket Sales,671.8,14294,295,56,5,1719.97,4.31,2.063802994263327,2.27728813559322,1.694915254237288,134.35999999999999,2.56024114319738,343.994,2025-08
CMP-0516,2025-02-27,Last Mile Sales - Email,Email,Melbourne,Corporate Buyers,Awareness,262.02,6583,731,160,17,3941.79,4.18,11.104359714415919,0.3584404924760602,2.3255813953488373,15.412941176470587,15.043851614380582,231.87,2025-08
CMP-0405,2025-02-28,Weekend Boost - Sponsorship,Sponsorship,Melbourne,Students,Ticket Sales,1226.37,32665,290,42,10,4262.34,3.81,0.8878003979794888,4.228862068965517,3.4482758620689653,122.63699999999999,3.4755742557303266,426.23400000000004,2025-08
CMP-0063,2025-03-01,Summer Launch - Meta Ads,Meta Ads,Melbourne,Young Professionals,Retargeting,922.19,13958,270,55,5,774.32,4.17,1.934374552228113,3.415518518518519,1.8518518518518516,184.43800000000002,0.8396534336741887,154.864,2025-08
CMP-0066,2025-03-01,VIP Upgrade - Google Search,Google Search,Delhi,Young Professionals,Ticket Sales,1119.9,18397,958,162,19,7293.38,4.82,5.207370766972876,1.168997912317328,1.9832985386221296,58.9421052631579,6.512527904277167,383.8621052631579,2025-08
CMP-0216,2025-03-01,Early Bird - Meta Ads,Meta Ads,Brisbane,Families,Lead Generation,1342.9,30413,823,134,8,1428.04,4.4,2.7060796369973366,1.6317132442284328,0.9720534629404617,167.8625,1.0634001042519918,178.505,2025-08
CMP-0392,2025-03-01,Student Offer - Email,Email,Sydney,Young Professionals,Retargeting,537.43,8992,871,133,58,13100.71,3.96,9.686387900355871,0.6170264064293914,6.659012629161882,9.26603448275862,24.376588578977728,225.87431034482756,2025-08
CMP-0461,2025-03-01,Early Bird - Influencer,Influencer,Bangalore,Young Professionals,Ticket Sales,1074.59,24866,596,117,6,915.49,4.28,2.3968471004584573,1.8030033557046978,1.006711409395973,179.09833333333333,0.8519435319517212,152.58166666666668,2025-08
CMP-0265,2025-03-03,Last Mile Sales - LinkedIn Ads,LinkedIn Ads,Brisbane,Music Enthusiasts,Retargeting,359.08,5421,96,18,0,0.0,4.2,1.770890979524073,3.7404166666666665,0.0,0.0,0.0,0.0,2025-09
CMP-0277,2025-03-03,Corporate Outreach - Influencer,Influencer,Melbourne,Young Professionals,Ticket Sales,1328.55,25170,575,89,7,1778.54,4.39,2.284465633690902,2.3105217391304347,1.2173913043478262,189.79285714285714,1.3387076135636597,254.07714285714286,2025-09
CMP-0320,2025-03-03,Last Mile Sales - Retargeting,Retargeting,Bangalore,Corporate Buyers,Ticket Sales,940.35,19001,1696,320,114,36269.97,4.42,8.925846008104836,0.5544516509433962,6.721698113207547,8.248684210526315,38.57071303238156,318.15763157894736,2025-09
CMP-0428,2025-03-03,Last Mile Sales - Meta Ads,Meta Ads,Bangalore,Young Professionals,Lead Generation,1237.1,27604,815,115,10,2117.56,3.98,2.952470656426605,1.5179141104294478,1.2269938650306749,123.71,1.7117128768894998,211.756,2025-09
CMP-0097,2025-03-06,Early Bird - Influencer,Influencer,Mumbai,Young Professionals,Ticket Sales,887.33,19591,487,99,4,748.61,4.66,2.485835332550661,1.8220328542094457,0.8213552361396305,221.8325,0.8436658289475167,187.1525,2025-09
CMP-0338,2025-03-06,Student Offer - Google Search,Google Search,Melbourne,Students,Ticket Sales,1282.03,16040,661,119,19,4148.65,3.77,4.120947630922693,1.9395310136157338,2.8744326777609683,67.47526315789473,3.2360007176119123,218.35,2025-09
CMP-0281,2025-03-07,Corporate Outreach - Influencer,Influencer,Bangalore,Families,Sponsorship,694.84,16966,566,95,10,2023.24,4.56,3.3360839325710248,1.2276325088339224,1.76678445229682,69.48400000000001,2.911807034713027,202.324,2025-09
CMP-0326,2025-03-07,Weekend Boost - Google Search,Google Search,Melbourne,Students,Lead Generation,1405.73,30674,1675,304,49,11869.27,4.52,5.460650713959706,0.8392417910447761,2.925373134328358,28.688367346938776,8.443491993483812,242.23000000000002,2025-09
CMP-0420,2025-03-07,Last Mile Sales - Sponsorship,Sponsorship,Brisbane,Young Professionals,Lead Generation,1477.6,20351,279,50,5,2800.56,3.6,1.3709400029482581,5.29605734767025,1.7921146953405016,295.52,1.895343800757986,560.112,2025-09
CMP-0362,2025-03-08,VIP Upgrade - Google Search,Google Search,Mumbai,Young Professionals,Ticket Sales,1219.11,29307,1440,248,33,10685.79,3.93,4.913501893745521,0.8466041666666666,2.2916666666666665,36.94272727272727,8.765238575682261,323.8118181818182,2025-09
CMP-0117,2025-03-09,Festival Push - Google Search,Google Search,Melbourne,Families,Lead Generation,1556.79,32817,1833,449,51,12873.12,5.0,5.585519700155407,0.8493126022913257,2.7823240589198037,30.525294117647057,8.269015088740293,252.41411764705884,2025-10
CMP-0270,2025-03-09,Early Bird - Influencer,Influencer,Bangalore,Music Enthusiasts,Retargeting,758.1,9930,238,51,3,552.53,4.28,2.3967774420946624,3.185294117647059,1.2605042016806722,252.70000000000002,0.7288352460097612,184.17666666666665,2025-10
CMP-0151,2025-03-10,Festival Push - Meta Ads,Meta Ads,Melbourne,Young Professionals,Awareness,798.15,22102,717,131,6,1059.21,4.23,3.2440503121889424,1.1131799163179916,0.8368200836820083,133.025,1.327081375681263,176.535,2025-10
CMP-0178,2025-03-10,Festival Push - Meta Ads,Meta Ads,Brisbane,Families,Retargeting,1160.96,21376,588,121,8,1624.03,3.85,2.750748502994012,1.974421768707483,1.3605442176870748,145.12,1.398868178059537,203.00375,2025-10
CMP-0120,2025-03-11,Student Offer - Google Search,Google Search,Mumbai,Students,Lead Generation,1381.93,21408,1379,308,39,5224.08,4.49,6.441517189835576,1.0021247280638144,2.8281363306744014,35.43410256410257,3.7802783064265193,133.95076923076923,2025-10
CMP-0182,2025-03-12,Early Bird - Meta Ads,Meta Ads,Melbourne,Young Professionals,Lead Generation,970.54,19619,324,47,5,1084.07,3.8,1.6514603190784443,2.9954938271604936,1.5432098765432098,194.108,1.1169761163888146,216.814,2025-10
CMP-0255,2025-03-12,Weekend Boost - Google Search,Google Search,Mumbai,Premium Experience Seekers,Sponsorship,1080.25,29762,1547,157,57,28313.93,4.75,5.197903366709227,0.6982870071105365,3.684550743374273,18.95175438596491,26.210534598472577,496.73561403508774,2025-10
CMP-0468,2025-03-12,VIP Upgrade - Email,Email,Melbourne,Corporate Buyers,Ticket Sales,471.21,11502,856,177,47,11785.21,4.6,7.442183968005564,0.5504789719626167,5.490654205607477,10.025744680851064,25.010526092400415,250.7491489361702,2025-10
CMP-0207,2025-03-13,Last Mile Sales - Retargeting,Retargeting,Bangalore,Premium Experience Seekers,Ticket Sales,1162.07,30121,2569,427,111,37920.18,3.81,8.5289333023472,0.4523433242506812,4.32074737251849,10.469099099099099,32.63157985319301,341.6232432432432,2025-10
CMP-0407,2025-03-13,Weekend Boost - Google Search,Google Search,Melbourne,Young Professionals,Lead Generation,884.63,16022,742,173,15,4738.2,4.19,4.631132193234303,1.19222371967655,2.0215633423180592,58.97533333333333,5.356137594248443,315.88,2025-10
CMP-0130,2025-03-14,Early Bird - Google Search,Google Search,Mumbai,Young Professionals,Awareness,1407.49,31321,1662,318,35,7611.74,4.51,5.306343986462757,0.8468652226233454,2.10589651022864,40.214,5.408024213315903,217.4782857142857,2025-10
CMP-0427,2025-03-14,Festival Push - Meta Ads,Meta Ads,Sydney,Music Enthusiasts,Lead Generation,1003.74,16463,417,106,6,951.21,4.26,2.5329526817712447,2.40705035971223,1.4388489208633095,167.29,0.9476657301691673,158.535,2025-10
CMP-0490,2025-03-14,VIP Upgrade - Retargeting,Retargeting,Bangalore,Families,Awareness,773.37,20114,1156,185,38,6140.59,4.47,5.747240727851248,0.6690051903114187,3.2871972318339098,20.35184210526316,7.940041635956916,161.59447368421053,2025-10
CMP-0001,2025-03-15,Student Offer - Sponsorship,Sponsorship,Sydney,Corporate Buyers,Ticket Sales,921.32,18897,320,57,5,3678.27,4.47,1.6933904852622108,2.879125,1.5625,184.264,3.9923913515390956,735.654,2025-10
CMP-0339,2025-03-15,Summer Launch - Retargeting,Retargeting,Bangalore,Students,Ticket Sales,759.47,20245,1518,303,84,10931.91,4.03,7.498147690787849,0.5003096179183136,5.533596837944664,9.041309523809524,14.394130117055314,130.1417857142857,2025-10
CMP-0164,2025-03-16,Last Mile Sales - Retargeting,Retargeting,Brisbane,Families,Awareness,573.03,10048,560,79,7,1498.87,4.83,5.573248407643312,1.023267857142857,1.25,81.86142857142856,2.6156920231052476,214.1242857142857,2025-11
CMP-0321,2025-03-16,Summer Launch - Retargeting,Retargeting,Brisbane,Students,Ticket Sales,682.83,14755,966,184,37,4055.06,4.2,6.546933242968485,0.7068633540372671,3.8302277432712217,18.454864864864867,5.938608438410731,109.59621621621622,2025-11
CMP-0417,2025-03-16,Early Bird - Influencer,Influencer,Melbourne,Families,Lead Generation,813.27,17909,412,99,3,587.98,4.5,2.3005192919761015,1.9739563106796116,0.7281553398058253,271.09,0.7229825273279477,195.99333333333334,2025-11
CMP-0147,2025-03-17,Early Bird - Retargeting,Retargeting,Mumbai,Music Enthusiasts,Sponsorship,868.22,18630,1149,195,38,6997.88,4.01,6.1674718196457325,0.7556309834638817,3.307223672758921,22.847894736842107,8.060030867752413,184.15473684210528,2025-11
CMP-0479,2025-03-17,Corporate Outreach - Meta Ads,Meta Ads,Bangalore,Music Enthusiasts,Retargeting,1136.42,14291,474,95,12,2891.4,4.14,3.3167727940661953,2.397510548523207,2.5316455696202533,94.70166666666667,2.5443058024321994,240.95000000000002,2025-11
CMP-0261,2025-03-18,VIP Upgrade - Retargeting,Retargeting,Delhi,Corporate Buyers,Sponsorship,530.68,10348,654,170,31,11410.62,4.13,6.320061847700038,0.8114373088685014,4.740061162079511,17.118709677419353,21.501884374764458,368.0845161290323,2025-11
CMP-0214,2025-03-19,Corporate Outreach - Retargeting,Retargeting,Brisbane,Music Enthusiasts,Ticket Sales,836.0,25426,1683,275,81,22732.83,4.01,6.619208684024228,0.49673202614379086,4.81283422459893,10.320987654320987,27.19238038277512,280.65222222222224,2025-11
CMP-0385,2025-03-19,Weekend Boost - Meta Ads,Meta Ads,Brisbane,Premium Experience Seekers,Retargeting,1418.22,29399,976,138,11,2151.04,4.29,3.319840810911936,1.453094262295082,1.1270491803278688,128.92909090909092,1.5167181396398302,195.5490909090909,2025-11
CMP-0299,2025-03-21,Corporate Outreach - Sponsorship,Sponsorship,Brisbane,Families,Sponsorship,2128.48,46770,835,86,7,2980.51,4.07,1.785332478084242,2.5490778443113773,0.8383233532934131,304.06857142857143,1.4002997444185523,425.7871428571429,2025-11
CMP-0002,2025-03-24,VIP Upgrade - Influencer,Influencer,Delhi,Students,Ticket Sales,838.47,13553,486,86,5,732.02,4.63,3.585921936102708,1.725246913580247,1.02880658436214,167.69400000000002,0.8730425656254844,146.404,2025-12
CMP-0004,2025-03-24,Early Bird - Google Search,Google Search,Melbourne,Students,Ticket Sales,1477.71,33947,1937,303,68,14011.89,4.28,5.705953397943854,0.7628859060402685,3.5105833763551884,21.731029411764705,9.482164971476134,206.05720588235295,2025-12
CMP-0228,2025-03-24,Student Offer - Meta Ads,Meta Ads,Brisbane,Families,Awareness,1367.27,26864,752,166,5,650.66,4.13,2.799285288862418,1.8181781914893618,0.6648936170212766,273.454,0.4758825981700761,130.132,2025-12
CMP-0406,2025-03-24,Summer Launch - Google Search,Google Search,Bangalore,Young Professionals,Lead Generation,1385.99,24727,1467,228,28,4540.26,3.65,5.932786023375257,0.9447784594410361,1.9086571233810499,49.49964285714286,3.275824500898275,162.15214285714288,2025-12
CMP-0260,2025-03-25,VIP Upgrade - Sponsorship,Sponsorship,Melbourne,Corporate Buyers,Lead Generation,2022.42,34934,858,153,17,10355.92,4.19,2.456059998854984,2.3571328671328673,1.9813519813519813,118.96588235294118,5.120558538780273,609.1717647058823,2025-12
CMP-0387,2025-03-25,Summer Launch - Email,Email,Mumbai,Premium Experience Seekers,Awareness,386.88,6573,586,87,18,4779.45,4.33,8.91525939449262,0.6602047781569966,3.0716723549488054,21.493333333333332,12.35383064516129,265.525,2025-12
CMP-0424,2025-03-25,Weekend Boost - Sponsorship,Sponsorship,Bangalore,Young Professionals,Ticket Sales,915.84,11183,161,24,2,833.12,3.49,1.4396852365197175,5.688447204968944,1.2422360248447204,457.92,0.9096785464709993,416.56,2025-12
CMP-0437,2025-03-26,Student Offer - Influencer,Influencer,Bangalore,Families,Retargeting,884.82,18389,394,97,3,619.33,4.34,2.1425852411767905,2.2457360406091373,0.7614213197969544,294.94,0.6999502723717819,206.44333333333336,2025-12
CMP-0493,2025-03-26,Last Mile Sales - Google Search,Google Search,Mumbai,Corporate Buyers,Retargeting,1212.48,23751,1242,244,65,22230.35,4.43,5.229253505115574,0.976231884057971,5.233494363929147,18.65353846153846,18.334611704935337,342.00538461538457,2025-12
CMP-0275,2025-03-27,VIP Upgrade - Influencer,Influencer,Mumbai,Premium Experience Seekers,Awareness,647.96,10043,382,83,3,1282.75,4.13,3.80364432938365,1.6962303664921468,0.7853403141361256,215.98666666666668,1.9796746712760045,427.5833333333333,2025-12
CMP-0022,2025-03-28,Early Bird - Retargeting,Retargeting,Sydney,Music Enthusiasts,Lead Generation,471.17,12885,1393,193,48,12272.1,4.81,10.811020566550253,0.3382412060301508,3.4458004307250536,9.816041666666667,26.046013116284993,255.66875000000002,2025-12
CMP-0141,2025-03-28,Festival Push - LinkedIn Ads,LinkedIn Ads,Melbourne,Young Professionals,Ticket Sales,885.93,16947,220,41,3,1155.47,4.23,1.2981648669381012,4.0269545454545455,1.3636363636363635,295.31,1.3042452563972324,385.1566666666667,2025-12
CMP-0379,2025-03-29,Festival Push - Email,Email,Sydney,Families,Ticket Sales,255.86,5219,350,64,11,1563.85,4.57,6.706265568116497,0.7310285714285715,3.1428571428571432,23.26,6.11213163448761,142.1681818181818,2025-12
CMP-0166,2025-03-31,Corporate Outreach - Google Search,Google Search,Brisbane,Music Enthusiasts,Ticket Sales,1156.76,20444,766,150,17,3687.99,4.01,3.746820583056153,1.510130548302872,2.219321148825065,68.04470588235294,3.1882067153082745,216.94058823529411,2025-13
CMP-0250,2025-03-31,Student Offer - Influencer,Influencer,Sydney,Families,Awareness,1051.21,22047,582,136,4,776.98,4.08,2.6398149408082734,1.8062027491408936,0.6872852233676976,262.8025,0.7391291939764653,194.245,2025-13
CMP-0218,2025-04-02,Student Offer - Email,Email,Sydney,Music Enthusiasts,Lead Generation,340.59,6808,718,111,28,4731.14,4.58,10.54641598119859,0.4743593314763231,3.8997214484679668,12.16392857142857,13.891012654511291,168.96928571428572,2025-13
CMP-0513,2025-04-02,Weekend Boost - Google Search,Google Search,Bangalore,Premium Experience Seekers,Ticket Sales,1506.45,35926,2354,470,81,34435.97,4.58,6.552357624004899,0.6399532710280375,3.4409515717926933,18.598148148148148,22.859019549271466,425.1354320987654,2025-13
CMP-0030,2025-04-03,Summer Launch - Sponsorship,Sponsorship,Delhi,Students,Retargeting,956.08,16554,314,69,6,1122.36,4.31,1.8968225202368005,3.0448407643312105,1.910828025477707,159.34666666666666,1.1739185005438875,187.05999999999997,2025-13
CMP-0345,2025-04-03,Last Mile Sales - Google Search,Google Search,Sydney,Corporate Buyers,Sponsorship,1388.77,28934,1829,359,66,28725.0,4.24,6.321282919748393,0.7593056314926189,3.608529250956807,21.041969696969698,20.68377053075743,435.22727272727275,2025-13
CMP-0254,2025-04-04,Summer Launch - Retargeting,Retargeting,Melbourne,Music Enthusiasts,Ticket Sales,515.72,11982,764,99,50,10485.06,4.06,6.376231013186446,0.6750261780104713,6.544502617801047,10.314400000000001,20.330916000930735,209.7012,2025-13
CMP-0439,2025-04-05,Early Bird - Email,Email,Bangalore,Families,Ticket Sales,358.39,7504,492,60,26,3360.51,4.31,6.556503198294243,0.7284349593495935,5.284552845528456,13.784230769230769,9.376684617316332,129.25038461538463,2025-13
CMP-0463,2025-04-05,Summer Launch - Meta Ads,Meta Ads,Bangalore,Students,Ticket Sales,1013.84,18367,456,113,5,822.39,3.85,2.482713562367289,2.2233333333333336,1.0964912280701753,202.768,0.811163497198769,164.478,2025-13
CMP-0189,2025-04-06,Last Mile Sales - Google Search,Google Search,Mumbai,Young Professionals,Awareness,966.69,21953,988,159,13,4424.46,4.42,4.500523846399125,0.9784311740890689,1.3157894736842104,74.36076923076924,4.576917108897371,340.3430769230769,2025-14
CMP-0457,2025-04-06,Early Bird - Retargeting,Retargeting,Sydney,Students,Sponsorship,489.5,9018,486,93,32,4728.99,4.05,5.389221556886228,1.007201646090535,6.584362139917696,15.296875,9.660858018386108,147.7809375,2025-14
CMP-0080,2025-04-07,VIP Upgrade - Google Search,Google Search,Mumbai,Music Enthusiasts,Awareness,873.31,14840,826,164,12,4151.24,4.61,5.566037735849057,1.05727602905569,1.4527845036319613,72.77583333333332,4.753455244987461,345.93666666666667,2025-14
CMP-0519,2025-04-07,Student Offer - LinkedIn Ads,LinkedIn Ads,Brisbane,Students,Lead Generation,975.09,18902,289,55,2,608.29,4.36,1.5289387366416254,3.37401384083045,0.6920415224913495,487.545,0.6238295952168518,304.145,2025-14
CMP-0264,2025-04-08,Student Offer - Meta Ads,Meta Ads,Bangalore,Music Enthusiasts,Ticket Sales,1182.95,34825,880,145,18,4701.78,4.0,2.5269203158650395,1.3442613636363636,2.0454545454545454,65.71944444444445,3.974622765121095,261.21,2025-14
CMP-0477,2025-04-08,Early Bird - Google Search,Google Search,Mumbai,Young Professionals,Awareness,869.71,20938,904,141,13,3382.14,4.31,4.317508835609896,0.9620685840707965,1.4380530973451326,66.90076923076923,3.88881351255016,260.1646153846154,2025-14
CMP-0032,2025-04-09,Corporate Outreach - Meta Ads,Meta Ads,Mumbai,Premium Experience Seekers,Sponsorship,743.1,14423,378,73,9,1813.71,4.16,2.6208139776745476,1.965873015873016,2.380952380952381,82.56666666666666,2.4407347597900686,201.52333333333334,2025-14
CMP-0328,2025-04-09,Early Bird - Google Search,Google Search,Bangalore,Corporate Buyers,Ticket Sales,694.38,11783,424,85,25,7545.41,3.62,3.598404481031995,1.637688679245283,5.89622641509434,27.775199999999998,10.866398801808808,301.8164,2025-14
CMP-0322,2025-04-12,Early Bird - LinkedIn Ads,LinkedIn Ads,Sydney,Young Professionals,Lead Generation,963.88,21464,195,25,3,897.68,4.41,0.9084979500559075,4.942974358974359,1.5384615384615385,321.29333333333335,0.9313192513590903,299.22666666666663,2025-14
CMP-0330,2025-04-12,Weekend Boost - Meta Ads,Meta Ads,Sydney,Music Enthusiasts,Ticket Sales,1141.98,22542,736,156,15,3875.87,4.46,3.2650164138053412,1.5516032608695653,2.0380434782608696,76.132,3.3939911381985675,258.3913333333333,2025-14
CMP-0276,2025-04-13,Student Offer - Influencer,Influencer,Sydney,Students,Awareness,675.35,14512,517,90,5,906.3,4.29,3.562568908489526,1.3062862669245647,0.9671179883945842,135.07,1.341970829940031,181.26,2025-15
CMP-0119,2025-04-14,Student Offer - Google Search,Google Search,Mumbai,Music Enthusiasts,Awareness,1919.53,41970,2034,330,32,8586.28,4.07,4.846318799142244,0.9437217305801376,1.5732546705998034,59.9853125,4.473115814808834,268.32125,2025-15
CMP-0390,2025-04-14,VIP Upgrade - Retargeting,Retargeting,Melbourne,Students,Ticket Sales,474.8,10301,733,167,38,5307.61,4.11,7.115813998640909,0.6477489768076399,5.184174624829468,12.494736842105263,11.178622577927548,139.67394736842104,2025-15
CMP-0021,2025-04-16,Summer Launch - LinkedIn Ads,LinkedIn Ads,Delhi,Premium Experience Seekers,Awareness,686.14,7829,106,15,0,0.0,4.17,1.3539404777110742,6.473018867924528,0.0,0.0,0.0,0.0,2025-15
CMP-0258,2025-04-17,Early Bird - Google Search,Google Search,Melbourne,Students,Sponsorship,1203.76,25169,1685,328,73,18438.3,3.79,6.694743533712106,0.7143976261127596,4.332344213649852,16.48986301369863,15.3172559314149,252.5794520547945,2025-15
CMP-0323,2025-04-17,Early Bird - Sponsorship,Sponsorship,Brisbane,Young Professionals,Ticket Sales,1267.99,20033,377,51,6,4703.19,4.67,1.881894873458793,3.363368700265252,1.5915119363395225,211.33166666666668,3.7091696306753206,783.8649999999999,2025-15
CMP-0481,2025-04-18,Weekend Boost - Email,Email,Melbourne,Corporate Buyers,Ticket Sales,399.45,6414,661,106,30,9228.0,4.48,10.305581540380418,0.6043116490166415,4.53857791225416,13.315,23.101764926774315,307.6,2025-15
CMP-0136,2025-04-19,Weekend Boost - Retargeting,Retargeting,Sydney,Premium Experience Seekers,Ticket Sales,755.3,10371,640,102,29,5886.53,3.98,6.171053900298911,1.18015625,4.53125,26.044827586206896,7.7936316695352845,202.98379310344828,2025-15
CMP-0192,2025-04-19,VIP Upgrade - Meta Ads,Meta Ads,Sydney,Families,Ticket Sales,724.51,11594,315,58,3,479.69,4.2,2.7169225461445574,2.300031746031746,0.9523809523809524,241.50333333333333,0.6620888600571421,159.89666666666668,2025-15
CMP-0121,2025-04-20,Festival Push - Sponsorship,Sponsorship,Mumbai,Families,Sponsorship,1521.97,32212,733,163,4,1540.35,4.14,2.2755494846641007,2.076357435197817,0.5457025920873124,380.4925,1.0120764535437623,385.0875,2025-16
CMP-0235,2025-04-21,Weekend Boost - Email,Email,Bangalore,Students,Awareness,430.46,8227,892,139,15,2219.35,3.59,10.842348365139177,0.48257847533632287,1.6816143497757847,28.697333333333333,5.155763601728384,147.95666666666665,2025-16
CMP-0499,2025-04-21,VIP Upgrade - Google Search,Google Search,Sydney,Young Professionals,Ticket Sales,643.13,16805,1089,218,27,9991.01,4.08,6.48021422195775,0.5905693296602388,2.479338842975207,23.81962962962963,15.534977376269184,370.03740740740744,2025-16
CMP-0059,2025-04-22,Early Bird - Retargeting,Retargeting,Melbourne,Families,Retargeting,191.67,4435,330,51,12,2621.11,4.32,7.440811724915446,0.5808181818181818,3.6363636363636362,15.972499999999998,13.675118693587939,218.42583333333334,2025-16
CMP-0089,2025-04-22,Corporate Outreach - Google Search,Google Search,Bangalore,Students,Ticket Sales,817.82,21074,997,121,25,3894.3,4.22,4.730948087690994,0.8202808425275828,2.507522567703109,32.7128,4.7618057763322,155.77200000000002,2025-16
CMP-0173,2025-04-22,Summer Launch - Email,Email,Sydney,Corporate Buyers,Ticket Sales,388.98,4833,462,108,22,5352.66,4.0,9.559279950341402,0.841948051948052,4.761904761904762,17.680909090909093,13.760758907913003,243.30272727272725,2025-16
CMP-0327,2025-04-24,Summer Launch - Google Search,Google Search,Brisbane,Young Professionals,Ticket Sales,1336.45,22795,1334,372,30,8061.98,4.04,5.8521605615266505,1.0018365817091455,2.2488755622188905,44.54833333333333,6.032384301694788,268.73266666666666,2025-16
CMP-0044,2025-04-25,Corporate Outreach - Meta Ads,Meta Ads,Sydney,Families,Awareness,477.46,8908,154,19,2,398.58,3.95,1.7287831162999552,3.1003896103896103,1.2987012987012987,238.73,0.8347924433460394,199.29,2025-16
CMP-0247,2025-04-25,Festival Push - Email,Email,Melbourne,Students,Awareness,387.46,9055,602,114,18,1997.01,4.2,6.6482606294864715,0.6436212624584717,2.990033222591362,21.525555555555556,5.15410623032055,110.945,2025-16
CMP-0346,2025-04-25,Corporate Outreach - Email,Email,Melbourne,Premium Experience Seekers,Ticket Sales,430.84,8529,969,107,43,10591.24,3.95,11.36123812873725,0.4446233230134159,4.437564499484004,10.01953488372093,24.582768545167582,246.3079069767442,2025-16
CMP-0511,2025-04-25,Summer Launch - Influencer,Influencer,Brisbane,Students,Ticket Sales,791.12,15175,310,61,4,1071.94,4.06,2.042833607907743,2.552,1.2903225806451613,197.78,1.354965112751542,267.985,2025-16
CMP-0295,2025-04-26,Summer Launch - Meta Ads,Meta Ads,Sydney,Corporate Buyers,Ticket Sales,725.27,15914,330,59,5,1322.15,4.24,2.0736458464245318,2.197787878787879,1.5151515151515151,145.054,1.8229762709060076,264.43,2025-16
CMP-0357,2025-04-26,Early Bird - Google Search,Google Search,Brisbane,Families,Retargeting,1217.1,13557,677,118,17,4916.16,3.77,4.99373017629269,1.7977843426883306,2.511078286558346,71.59411764705882,4.039240818338674,289.1858823529412,2025-16
CMP-0432,2025-04-26,Festival Push - Sponsorship,Sponsorship,Melbourne,Premium Experience Seekers,Awareness,1525.98,22492,301,66,4,2798.41,4.72,1.3382536012804553,5.069700996677741,1.3289036544850499,381.495,1.8338444802684175,699.6025,2025-16
CMP-0053,2025-04-29,Last Mile Sales - Sponsorship,Sponsorship,Brisbane,Premium Experience Seekers,Ticket Sales,1659.26,29351,649,102,8,5847.7,4.47,2.2111682736533678,2.5566409861325115,1.2326656394453006,207.4075,3.524281908802719,730.9625,2025-17
CMP-0478,2025-04-29,Student Offer - Google Search,Google Search,Brisbane,Young Professionals,Retargeting,1231.46,30351,1377,170,36,12241.44,4.26,4.5369180587130575,0.8943064633260712,2.6143790849673203,34.20722222222222,9.940590843389147,340.04,2025-17
CMP-0158,2025-04-30,Festival Push - Retargeting,Retargeting,Melbourne,Students,Ticket Sales,622.04,11421,824,92,48,8067.8,4.21,7.214779791611943,0.7549029126213592,5.825242718446602,12.959166666666667,12.969905472316894,168.07916666666668,2025-17
CMP-0308,2025-04-30,Summer Launch - Sponsorship,Sponsorship,Sydney,Music Enthusiasts,Sponsorship,1657.35,23906,381,82,9,4480.71,4.36,1.5937421567807246,4.35,2.3622047244094486,184.14999999999998,2.7035387817902072,497.8566666666667,2025-17
CMP-0456,2025-04-30,Student Offer - Google Search,Google Search,Mumbai,Young Professionals,Ticket Sales,1577.94,32008,1313,208,38,10613.0,4.03,4.102099475131217,1.2017821782178217,2.8941355674028943,41.52473684210526,6.725857763920048,279.2894736842105,2025-17
CMP-0451,2025-05-01,Festival Push - LinkedIn Ads,LinkedIn Ads,Sydney,Families,Ticket Sales,950.28,18313,123,20,2,408.24,4.24,0.6716540162725932,7.725853658536585,1.6260162601626018,475.14,0.42959969693143074,204.12,2025-17
CMP-0464,2025-05-01,Corporate Outreach - Sponsorship,Sponsorship,Sydney,Young Professionals,Sponsorship,1139.17,27008,641,126,11,5872.29,5.0,2.373370853080569,1.7771762870514822,1.71606864274571,103.56090909090909,5.154884696752899,533.8445454545455,2025-17
CMP-0081,2025-05-02,Weekend Boost - Retargeting,Retargeting,Sydney,Families,Lead Generation,619.47,10241,742,118,27,7044.23,4.14,7.245386192754613,0.8348652291105122,3.638814016172507,22.943333333333335,11.371381987828304,260.8974074074074,2025-17
CMP-0500,2025-05-02,Student Offer - Sponsorship,Sponsorship,Bangalore,Premium Experience Seekers,Lead Generation,1550.98,28556,457,52,7,5723.78,4.41,1.6003641966661997,3.3938293216630195,1.5317286652078774,221.56857142857143,3.690427987465989,817.6828571428571,2025-17
CMP-0094,2025-05-03,Summer Launch - Retargeting,Retargeting,Melbourne,Young Professionals,Awareness,766.64,19764,1383,239,30,6306.95,3.64,6.997571341833638,0.5543311641359363,2.1691973969631237,25.554666666666666,8.226742669310237,210.23166666666665,2025-17
CMP-0347,2025-05-03,Festival Push - LinkedIn Ads,LinkedIn Ads,Melbourne,Families,Lead Generation,368.94,6257,103,16,0,0.0,4.67,1.6461563049384689,3.5819417475728157,0.0,0.0,0.0,0.0,2025-17
CMP-0027,2025-05-04,VIP Upgrade - Google Search,Google Search,Brisbane,Students,Lead Generation,1552.34,29006,1491,213,26,6717.34,4.4,5.140315796731711,1.041140174379611,1.7437961099932933,59.70538461538461,4.3272350129481945,258.35923076923075,2025-18
CMP-0050,2025-05-04,Summer Launch - Retargeting,Retargeting,Bangalore,Premium Experience Seekers,Awareness,820.78,15891,995,198,33,6545.85,4.18,6.261405827197784,0.8249045226130653,3.3165829145728645,24.87212121212121,7.975157776748947,198.35909090909092,2025-18
CMP-0101,2025-05-04,Summer Launch - Google Search,Google Search,Delhi,Premium Experience Seekers,Awareness,1606.67,38754,2081,444,36,10977.31,4.44,5.369768281983795,0.7720663142719847,1.7299375300336377,44.62972222222223,6.832336447434756,304.92527777777775,2025-18
CMP-0280,2025-05-04,Student Offer - Influencer,Influencer,Melbourne,Corporate Buyers,Ticket Sales,457.39,7644,240,33,3,1040.8,3.74,3.139717425431711,1.9057916666666666,1.25,152.46333333333334,2.2755197971096877,346.93333333333334,2025-18
CMP-0084,2025-05-05,Corporate Outreach - LinkedIn Ads,LinkedIn Ads,Melbourne,Families,Retargeting,672.51,17137,219,56,3,1059.25,4.77,1.277936628348019,3.0708219178082192,1.36986301369863,224.17,1.575069515694934,353.0833333333333,2025-18
CMP-0009,2025-05-06,Early Bird - Meta Ads,Meta Ads,Bangalore,Families,Awareness,706.36,15256,344,57,5,767.25,4.46,2.2548505506030416,2.0533720930232557,1.4534883720930232,141.272,1.0862025029729883,153.45,2025-18
CMP-0159,2025-05-08,Festival Push - Sponsorship,Sponsorship,Mumbai,Music Enthusiasts,Lead Generation,1519.09,27573,555,118,9,4526.83,3.46,2.0128386465020127,2.737099099099099,1.6216216216216217,168.78777777777776,2.9799616875892805,502.9811111111111,2025-18
CMP-0316,2025-05-08,Weekend Boost - LinkedIn Ads,LinkedIn Ads,Melbourne,Premium Experience Seekers,Awareness,513.18,13256,187,38,0,0.0,4.48,1.4106819553409775,2.74427807486631,0.0,0.0,0.0,0.0,2025-18
CMP-0286,2025-05-09,Festival Push - Google Search,Google Search,Melbourne,Families,Lead Generation,1131.9,23124,966,185,34,6688.06,4.34,4.177477944992216,1.1717391304347826,3.5196687370600417,33.29117647058824,5.90870218217157,196.70764705882354,2025-18
CMP-0238,2025-05-10,Weekend Boost - Retargeting,Retargeting,Melbourne,Students,Sponsorship,653.08,13238,959,178,70,8955.54,4.26,7.244296721559147,0.6810010427528677,7.2992700729927,9.329714285714287,13.712776382678998,127.93628571428573,2025-18
CMP-0353,2025-05-10,Early Bird - Email,Email,Delhi,Young Professionals,Ticket Sales,240.49,3881,315,63,11,2168.83,3.77,8.11646482865241,0.7634603174603175,3.492063492063492,21.862727272727273,9.01837914258389,197.16636363636363,2025-18
CMP-0132,2025-05-12,Early Bird - LinkedIn Ads,LinkedIn Ads,Delhi,Students,Lead Generation,917.68,17576,268,28,2,849.85,4.25,1.5248065543923532,3.4241791044776115,0.7462686567164178,458.84,0.9260853456542586,424.925,2025-19
CMP-0418,2025-05-13,Last Mile Sales - Meta Ads,Meta Ads,Bangalore,Corporate Buyers,Ticket Sales,1062.63,28080,922,177,14,4279.76,3.68,3.283475783475783,1.152527114967462,1.5184381778741864,75.90214285714286,4.02751663325899,305.69714285714286,2025-19
CMP-0310,2025-05-14,VIP Upgrade - Retargeting,Retargeting,Bangalore,Students,Ticket Sales,747.01,16348,881,187,44,8800.83,3.92,5.389038414484952,0.8479114642451759,4.994324631101021,16.9775,11.781408548747674,200.01886363636365,2025-19
CMP-0495,2025-05-14,Weekend Boost - Retargeting,Retargeting,Melbourne,Premium Experience Seekers,Lead Generation,791.35,14523,685,139,39,14174.18,3.5,4.716656338222131,1.1552554744525547,5.693430656934306,20.29102564102564,17.91139192519113,363.4405128205128,2025-19
CMP-0378,2025-05-16,VIP Upgrade - Meta Ads,Meta Ads,Mumbai,Music Enthusiasts,Awareness,1072.27,11245,321,58,3,678.63,4.19,2.8546020453534906,3.340404984423676,0.9345794392523363,357.42333333333335,0.6328909696251876,226.21,2025-19
CMP-0469,2025-05-16,Weekend Boost - Sponsorship,Sponsorship,Melbourne,Premium Experience Seekers,Awareness,1178.69,17979,407,80,4,2288.14,4.3,2.2637521552922855,2.8960442260442263,0.9828009828009828,294.6725,1.9412568190109356,572.035,2025-19
CMP-0484,2025-05-18,Summer Launch - Meta Ads,Meta Ads,Delhi,Corporate Buyers,Sponsorship,557.13,9761,244,40,4,1302.58,4.48,2.499743878700953,2.2833196721311477,1.639344262295082,139.2825,2.3380180568269524,325.645,2025-20
CMP-0131,2025-05-20,Early Bird - LinkedIn Ads,LinkedIn Ads,Melbourne,Corporate Buyers,Lead Generation,693.58,10898,142,20,1,360.34,4.45,1.3029913745641402,4.884366197183099,0.7042253521126761,693.58,0.5195363188096542,360.34,2025-20
CMP-0512,2025-05-21,Early Bird - Meta Ads,Meta Ads,Bangalore,Young Professionals,Sponsorship,757.38,14617,254,53,4,793.11,3.7,1.7377026749675037,2.9818110236220474,1.574803149606299,189.345,1.047175790224194,198.2775,2025-20
CMP-0274,2025-05-22,Student Offer - Email,Email,Bangalore,Students,Ticket Sales,381.61,8465,812,161,38,5948.33,3.95,9.592439456585943,0.46996305418719214,4.679802955665025,10.042368421052632,15.587458399937107,156.535,2025-20
CMP-0297,2025-05-22,Student Offer - Sponsorship,Sponsorship,Sydney,Corporate Buyers,Awareness,1440.49,25925,336,54,2,764.52,3.92,1.296046287367406,4.287172619047619,0.5952380952380952,720.245,0.5307360689765288,382.26,2025-20
CMP-0072,2025-05-25,Corporate Outreach - Meta Ads,Meta Ads,Melbourne,Families,Retargeting,1046.98,22083,473,77,13,1611.13,3.46,2.1419191233075217,2.2134883720930234,2.748414376321353,80.53692307692307,1.5388355078416016,123.93307692307692,2025-21
CMP-0222,2025-05-27,Summer Launch - Meta Ads,Meta Ads,Melbourne,Students,Ticket Sales,1047.14,21552,563,121,8,780.56,4.42,2.612286562731997,1.859928952042629,1.4209591474245116,130.8925,0.7454208606299061,97.57,2025-21
CMP-0334,2025-05-27,Summer Launch - Retargeting,Retargeting,Bangalore,Premium Experience Seekers,Lead Generation,661.18,14290,1063,179,38,10464.35,4.6,7.438768369489153,0.6219943555973659,3.574788334901223,17.399473684210523,15.826779394416047,275.3776315789474,2025-21
CMP-0210,2025-05-28,VIP Upgrade - LinkedIn Ads,LinkedIn Ads,Bangalore,Families,Awareness,688.48,15390,198,42,1,274.28,3.9,1.2865497076023393,3.4771717171717174,0.5050505050505051,688.48,0.3983848477806181,274.28,2025-21
CMP-0233,2025-05-28,Weekend Boost - Retargeting,Retargeting,Melbourne,Young Professionals,Retargeting,499.02,9621,738,106,33,6747.83,3.7,7.670720299345183,0.6761788617886179,4.471544715447155,15.121818181818181,13.522163440343073,204.47969696969696,2025-21
CMP-0349,2025-05-28,Festival Push - Influencer,Influencer,Mumbai,Premium Experience Seekers,Ticket Sales,918.39,21215,696,119,8,1667.76,3.92,3.2806976196087674,1.3195258620689656,1.1494252873563218,114.79875,1.8159605396400222,208.47,2025-21
CMP-0467,2025-05-28,Early Bird - Influencer,Influencer,Mumbai,Corporate Buyers,Sponsorship,620.64,10326,321,76,6,1385.93,4.38,3.1086577571179546,1.9334579439252335,1.8691588785046727,103.44,2.2330658674916215,230.98833333333334,2025-21
CMP-0480,2025-06-01,Summer Launch - Email,Email,Bangalore,Families,Retargeting,392.29,10163,997,211,46,6482.67,4.37,9.810095444258584,0.39347041123370113,4.613841524573721,8.52804347826087,16.525198195212724,140.92760869565217,2025-22
CMP-0168,2025-06-02,VIP Upgrade - Sponsorship,Sponsorship,Bangalore,Premium Experience Seekers,Ticket Sales,1866.29,34957,463,65,12,4524.87,4.6,1.3244843665074235,4.030863930885529,2.591792656587473,155.52416666666667,2.4245267348589983,377.0725,2025-22
CMP-0282,2025-06-03,Festival Push - Google Search,Google Search,Bangalore,Corporate Buyers,Ticket Sales,891.19,21449,1208,161,55,26931.28,4.55,5.631964194134924,0.7377400662251656,4.5529801324503305,16.203454545454548,30.219459374544147,489.65963636363637,2025-22
CMP-0096,2025-06-04,Festival Push - Google Search,Google Search,Delhi,Premium Experience Seekers,Awareness,1041.37,20862,1240,231,16,7068.13,4.75,5.943821301888601,0.8398145161290321,1.2903225806451613,65.085625,6.787337833815071,441.758125,2025-22
CMP-0125,2025-06-04,Student Offer - Retargeting,Retargeting,Sydney,Young Professionals,Ticket Sales,946.79,19622,1164,243,72,18236.68,4.46,5.932117011517684,0.8133934707903779,6.185567010309279,13.149861111111111,19.26158915915884,253.28722222222223,2025-22
CMP-0375,2025-06-05,Weekend Boost - Email,Email,Melbourne,Premium Experience Seekers,Awareness,355.28,6555,686,117,16,3137.62,4.69,10.465293668954995,0.5179008746355684,2.3323615160349855,22.205,8.831400585453727,196.10125,2025-22
CMP-0293,2025-06-08,Early Bird - Email,Email,Melbourne,Corporate Buyers,Lead Generation,288.8,6658,798,165,17,3782.71,4.29,11.985581255632322,0.3619047619047619,2.1303258145363406,16.988235294117647,13.098026315789474,222.51235294117646,2025-23
CMP-0430,2025-06-09,Last Mile Sales - Email,Email,Brisbane,Music Enthusiasts,Ticket Sales,280.07,3268,304,54,11,3267.71,4.63,9.30232558139535,0.9212828947368421,3.618421052631579,25.46090909090909,11.66747598814582,297.06454545454545,2025-23
CMP-0091,2025-06-10,Last Mile Sales - Email,Email,Sydney,Music Enthusiasts,Ticket Sales,363.47,6501,597,128,22,5257.6,4.44,9.183202584217813,0.6088274706867672,3.6850921273031827,16.52136363636364,14.46501774561862,238.9818181818182,2025-23
CMP-0408,2025-06-10,Festival Push - Email,Email,Mumbai,Corporate Buyers,Ticket Sales,335.23,6387,487,104,22,4650.46,4.25,7.624863002974792,0.6883572895277208,4.517453798767967,15.237727272727273,13.87244578349193,211.38454545454545,2025-23
CMP-0482,2025-06-11,Corporate Outreach - Sponsorship,Sponsorship,Bangalore,Music Enthusiasts,Awareness,1156.82,21958,227,39,2,1251.21,4.32,1.0337917843155113,5.0961233480176205,0.881057268722467,578.41,1.081594370775056,625.605,2025-23
CMP-0396,2025-06-13,Weekend Boost - Meta Ads,Meta Ads,Melbourne,Young Professionals,Ticket Sales,1005.05,23938,740,129,13,1603.79,3.83,3.091319241373548,1.3581756756756755,1.7567567567567568,77.31153846153846,1.595731555643998,123.36846153846153,2025-23
CMP-0045,2025-06-14,Last Mile Sales - Google Search,Google Search,Sydney,Families,Retargeting,1054.15,23044,861,146,29,6273.37,4.48,3.7363304981773995,1.2243321718931477,3.368176538908246,36.35,5.951117013707726,216.32310344827584,2025-23
CMP-0110,2025-06-14,Early Bird - Retargeting,Retargeting,Sydney,Students,Lead Generation,968.8,16287,1219,188,39,7672.95,4.19,7.484496837968932,0.7947497949138638,3.199343724364233,24.84102564102564,7.920055739058629,196.7423076923077,2025-23
CMP-0058,2025-06-15,Early Bird - Google Search,Google Search,Melbourne,Students,Awareness,1312.09,32605,1596,192,30,4830.44,4.08,4.894954761539641,0.8221115288220551,1.8796992481203008,43.73633333333333,3.681485263968173,161.01466666666664,2025-24
CMP-0518,2025-06-15,VIP Upgrade - Meta Ads,Meta Ads,Melbourne,Premium Experience Seekers,Ticket Sales,994.1,18578,486,89,13,3235.0,4.22,2.615997416298848,2.0454732510288065,2.674897119341564,76.46923076923078,3.2541997786942964,248.84615384615384,2025-24
CMP-0179,2025-06-17,Early Bird - Meta Ads,Meta Ads,Sydney,Corporate Buyers,Ticket Sales,601.56,9638,291,57,5,933.28,4.47,3.019298609670056,2.067216494845361,1.718213058419244,120.31199999999998,1.5514329410200147,186.656,2025-24
CMP-0384,2025-06-17,VIP Upgrade - Meta Ads,Meta Ads,Delhi,Young Professionals,Retargeting,943.68,17090,351,87,6,1324.03,3.96,2.0538326506729083,2.6885470085470082,1.7094017094017095,157.28,1.4030497626314005,220.67166666666665,2025-24
CMP-0446,2025-06-17,Early Bird - Meta Ads,Meta Ads,Melbourne,Students,Awareness,804.77,16416,425,87,6,714.79,3.94,2.5889376218323585,1.8935764705882352,1.411764705882353,134.12833333333333,0.8881916572436845,119.13166666666666,2025-24
CMP-0086,2025-06-18,Corporate Outreach - Retargeting,Retargeting,Sydney,Premium Experience Seekers,Ticket Sales,601.49,8620,660,129,20,6115.93,4.46,7.65661252900232,0.9113484848484849,3.0303030303030303,30.0745,10.16796621722722,305.79650000000004,2025-24
CMP-0134,2025-06-18,Early Bird - Retargeting,Retargeting,Mumbai,Young Professionals,Sponsorship,908.2,17544,766,154,47,11114.08,4.54,4.366165070679435,1.1856396866840733,6.135770234986945,19.32340425531915,12.237480731116493,236.46978723404254,2025-24
CMP-0386,2025-06-18,Student Offer - Google Search,Google Search,Sydney,Premium Experience Seekers,Ticket Sales,1233.03,22364,1019,238,32,14243.41,4.01,4.556429976748346,1.2100392541707556,3.140333660451423,38.5321875,11.55155186816217,445.1065625,2025-24
CMP-0226,2025-06-19,Festival Push - Email,Email,Brisbane,Corporate Buyers,Ticket Sales,433.46,11048,835,178,28,7056.86,4.36,7.557929036929761,0.5191137724550898,3.3532934131736525,15.480714285714285,16.280302680754858,252.03071428571428,2025-24
CMP-0416,2025-06-19,Weekend Boost - Google Search,Google Search,Melbourne,Young Professionals,Retargeting,1233.29,23330,1188,209,40,10146.25,4.29,5.092156022288898,1.0381228956228956,3.3670033670033668,30.83225,8.226978245181588,253.65625,2025-24
CMP-0232,2025-06-20,Summer Launch - Meta Ads,Meta Ads,Delhi,Premium Experience Seekers,Ticket Sales,937.08,24890,609,115,15,3023.84,3.54,2.4467657693852956,1.5387192118226602,2.4630541871921183,62.472,3.2268749733213813,201.58933333333334,2025-24
CMP-0304,2025-06-21,Corporate Outreach - Retargeting,Retargeting,Melbourne,Music Enthusiasts,Lead Generation,773.57,21857,1932,219,104,29826.03,3.66,8.839273459303655,0.4003985507246377,5.383022774327122,7.438173076923078,38.556342670992926,286.78875,2025-24
CMP-0363,2025-06-21,Last Mile Sales - Email,Email,Melbourne,Music Enthusiasts,Awareness,338.07,5396,523,91,25,5393.34,4.07,9.69236471460341,0.6464053537284895,4.780114722753346,13.5228,15.953323276244566,215.7336,2025-24
CMP-0503,2025-06-21,Early Bird - Influencer,Influencer,Bangalore,Families,Sponsorship,766.88,19542,610,102,5,1039.02,4.43,3.1214819363422373,1.2571803278688525,0.819672131147541,153.376,1.3548664719382433,207.804,2025-24
CMP-0146,2025-06-22,Corporate Outreach - Retargeting,Retargeting,Sydney,Music Enthusiasts,Ticket Sales,906.84,15611,1153,207,62,12477.37,4.17,7.385817692652617,0.7865047701647876,5.377276669557675,14.626451612903226,13.759174716598297,201.24790322580645,2025-25
CMP-0413,2025-06-22,Corporate Outreach - Email,Email,Brisbane,Corporate Buyers,Lead Generation,371.55,8058,694,105,21,5386.51,4.0,8.612558947629685,0.5353746397694524,3.025936599423631,17.692857142857143,14.497402772170636,256.5004761904762,2025-25
CMP-0105,2025-06-23,VIP Upgrade - Retargeting,Retargeting,Brisbane,Music Enthusiasts,Retargeting,1048.19,29183,1613,238,93,16966.45,3.74,5.527190487612652,0.6498388096714197,5.765654060756355,11.270860215053764,16.186426125034583,182.43494623655914,2025-25
CMP-0251,2025-06-23,Corporate Outreach - Google Search,Google Search,Bangalore,Young Professionals,Ticket Sales,869.87,13022,739,172,26,7745.7,3.55,5.6750115189679,1.1770906630581868,3.5182679296346415,33.456538461538464,8.904433995884443,297.91153846153844,2025-25
CMP-0267,2025-06-23,Corporate Outreach - Meta Ads,Meta Ads,Bangalore,Families,Ticket Sales,735.84,13267,371,61,8,1485.21,4.51,2.7964121504484813,1.9833962264150944,2.15633423180593,91.98,2.0183871493803,185.65125,2025-25
CMP-0435,2025-06-23,Festival Push - Email,Email,Mumbai,Families,Ticket Sales,129.6,2907,223,34,10,1663.2,4.03,7.671138630890953,0.5811659192825112,4.484304932735426,12.959999999999999,12.833333333333334,166.32,2025-25
CMP-0165,2025-06-25,Summer Launch - Meta Ads,Meta Ads,Melbourne,Music Enthusiasts,Lead Generation,1007.84,12062,341,48,5,704.46,4.39,2.827060189023379,2.955542521994135,1.466275659824047,201.568,0.6989799968248929,140.892,2025-25
CMP-0317,2025-06-26,Early Bird - Sponsorship,Sponsorship,Sydney,Young Professionals,Awareness,697.79,16361,357,55,4,1871.11,4.31,2.182018214045596,1.9545938375350138,1.1204481792717087,174.4475,2.681480101463191,467.7775,2025-25
CMP-0422,2025-06-27,Corporate Outreach - LinkedIn Ads,LinkedIn Ads,Sydney,Young Professionals,Lead Generation,697.79,12369,171,31,1,387.31,4.19,1.3824884792626728,4.080643274853801,0.5847953216374269,697.79,0.5550523796557704,387.31,2025-25
CMP-0409,2025-06-28,Summer Launch - Google Search,Google Search,Sydney,Premium Experience Seekers,Awareness,682.03,12662,725,112,22,9145.15,4.66,5.725793713473385,0.9407310344827586,3.0344827586206895,31.001363636363635,13.408721024001876,415.68863636363636,2025-25
CMP-0098,2025-06-29,Festival Push - Meta Ads,Meta Ads,Bangalore,Corporate Buyers,Sponsorship,914.02,18653,510,112,10,2670.99,3.85,2.7341446416126094,1.7921960784313724,1.9607843137254901,91.402,2.9222445898339204,267.099,2025-26
CMP-0003,2025-07-01,Festival Push - Retargeting,Retargeting,Delhi,Music Enthusiasts,Ticket Sales,758.58,16478,1620,268,62,12104.05,4.42,9.83129020512198,0.46825925925925926,3.8271604938271606,12.235161290322582,15.956194468612406,195.2266129032258,2025-26
CMP-0126,2025-07-01,Weekend Boost - Retargeting,Retargeting,Melbourne,Young Professionals,Awareness,725.12,14260,932,71,19,5243.88,3.97,6.535764375876578,0.7780257510729613,2.03862660944206,38.16421052631579,7.231740953221536,275.99368421052634,2025-26
CMP-0187,2025-07-01,Last Mile Sales - Sponsorship,Sponsorship,Melbourne,Music Enthusiasts,Sponsorship,1125.68,20930,393,82,9,6132.69,4.17,1.877687529861443,2.8643256997455473,2.2900763358778624,125.07555555555557,5.447986994527751,681.41,2025-26
CMP-0231,2025-07-01,Last Mile Sales - Retargeting,Retargeting,Sydney,Students,Retargeting,810.94,20135,1344,231,83,12156.06,4.41,6.674944127141792,0.6033779761904763,6.175595238095238,9.770361445783132,14.990085579697633,146.45855421686747,2025-26
CMP-0175,2025-07-03,Early Bird - Email,Email,Delhi,Premium Experience Seekers,Sponsorship,272.44,7861,664,104,31,8130.34,3.71,8.446762498409871,0.4103012048192771,4.66867469879518,8.788387096774194,29.842680957274997,262.2690322580645,2025-26
CMP-0186,2025-07-03,Corporate Outreach - Retargeting,Retargeting,Sydney,Corporate Buyers,Lead Generation,525.94,10661,753,140,45,10937.08,4.35,7.063127286370885,0.6984594953519258,5.9760956175298805,11.687555555555557,20.795299844088678,243.0462222222222,2025-26
CMP-0024,2025-07-04,Last Mile Sales - Influencer,Influencer,Sydney,Young Professionals,Lead Generation,760.02,13006,426,75,6,1831.82,4.34,3.2754113486083347,1.7840845070422535,1.4084507042253522,126.67,2.410226046682982,305.30333333333334,2025-26
CMP-0075,2025-07-04,Weekend Boost - Email,Email,Sydney,Students,Retargeting,401.41,8078,780,140,39,6119.73,3.52,9.65585540975489,0.5146282051282052,5.0,10.292564102564103,15.245584315288605,156.91615384615383,2025-26
CMP-0404,2025-07-04,Summer Launch - Google Search,Google Search,Sydney,Young Professionals,Ticket Sales,1231.07,27366,1393,259,32,10883.34,3.8,5.0902579843601545,0.8837544867193108,2.297200287150036,38.4709375,8.840553339777593,340.104375,2025-26
CMP-0088,2025-07-05,Weekend Boost - Meta Ads,Meta Ads,Brisbane,Music Enthusiasts,Ticket Sales,1015.88,23664,632,97,8,1956.23,4.2,2.6707234617985125,1.6074050632911392,1.2658227848101267,126.985,1.9256506674016616,244.52875,2025-26
CMP-0372,2025-07-06,Student Offer - Google Search,Google Search,Melbourne,Music Enthusiasts,Awareness,1474.27,29669,1307,187,20,5961.77,4.19,4.4052714955003545,1.1279801071155318,1.5302218821729152,73.7135,4.043879343675175,298.0885,2025-27
CMP-0217,2025-07-07,Weekend Boost - Sponsorship,Sponsorship,Bangalore,Families,Ticket Sales,1336.29,36435,551,103,11,4453.51,4.16,1.51228214628791,2.425208711433757,1.9963702359346642,121.4809090909091,3.3327421442950262,404.86454545454546,2025-27
CMP-0434,2025-07-07,Early Bird - Meta Ads,Meta Ads,Melbourne,Music Enthusiasts,Retargeting,1498.45,38270,1099,196,27,7234.6,3.91,2.8717010713352495,1.363466787989081,2.4567788898999092,55.49814814814815,4.828055657512763,267.94814814814816,2025-27
CMP-0412,2025-07-08,Festival Push - Email,Email,Sydney,Music Enthusiasts,Ticket Sales,253.42,4945,484,99,20,5023.87,4.2,9.787664307381192,0.523595041322314,4.132231404958678,12.671,19.824283797648174,251.1935,2025-27
CMP-0163,2025-07-09,Student Offer - Email,Email,Melbourne,Students,Awareness,378.74,5931,684,147,19,2820.81,4.13,11.532625189681335,0.5537134502923977,2.7777777777777777,19.933684210526316,7.447879812008238,148.4636842105263,2025-27
CMP-0167,2025-07-09,Summer Launch - Google Search,Google Search,Mumbai,Families,Retargeting,1261.33,25969,1236,241,31,7602.17,4.39,4.759520967307173,1.0204935275080906,2.5080906148867315,40.68806451612903,6.0271063084204775,245.23129032258063,2025-27
CMP-0497,2025-07-09,Weekend Boost - Sponsorship,Sponsorship,Bangalore,Families,Retargeting,1342.68,28390,603,106,14,5558.61,3.97,2.12398731947869,2.2266666666666666,2.321724709784411,95.9057142857143,4.139936544820806,397.0435714285714,2025-27
CMP-0152,2025-07-10,VIP Upgrade - Email,Email,Mumbai,Students,Ticket Sales,190.8,3421,366,48,14,1646.69,4.24,10.698626132709734,0.5213114754098361,3.825136612021858,13.62857142857143,8.630450733752621,117.62071428571429,2025-27
CMP-0223,2025-07-10,VIP Upgrade - Retargeting,Retargeting,Mumbai,Corporate Buyers,Ticket Sales,671.33,12118,812,203,22,6707.89,3.61,6.700775705561974,0.8267610837438424,2.70935960591133,30.515,9.991941370116038,304.90409090909094,2025-27
CMP-0079,2025-07-11,Student Offer - Meta Ads,Meta Ads,Melbourne,Students,Ticket Sales,1111.4,15401,444,81,8,1637.66,3.98,2.8829296798909163,2.5031531531531535,1.8018018018018018,138.925,1.4735108871693359,204.7075,2025-27
CMP-0423,2025-07-12,Corporate Outreach - Google Search,Google Search,Sydney,Premium Experience Seekers,Ticket Sales,767.66,13907,635,146,17,6900.67,3.97,4.566045876177465,1.2089133858267715,2.677165354330709,45.156470588235294,8.98922700153714,405.92176470588237,2025-27
CMP-0057,2025-07-14,Early Bird - Sponsorship,Sponsorship,Mumbai,Families,Ticket Sales,1699.79,22228,411,68,11,4379.5,4.78,1.8490192549937015,4.135742092457421,2.67639902676399,154.52636363636364,2.5764947434683108,398.1363636363636,2025-28
CMP-0129,2025-07-14,Corporate Outreach - Sponsorship,Sponsorship,Brisbane,Students,Ticket Sales,732.35,14967,323,57,2,722.74,4.14,2.1580811117792473,2.26733746130031,0.6191950464396285,366.175,0.9868778589472247,361.37,2025-28
CMP-0305,2025-07-15,Student Offer - Email,Email,Sydney,Students,Ticket Sales,128.48,2455,272,49,10,1715.77,4.54,11.079429735234216,0.47235294117647053,3.6764705882352944,12.847999999999999,13.354374221668744,171.577,2025-28
CMP-0312,2025-07-15,Weekend Boost - Sponsorship,Sponsorship,Melbourne,Families,Sponsorship,1364.11,29518,586,88,16,6789.21,3.76,1.9852293515820856,2.327832764505119,2.7303754266211606,85.256875,4.977025313207879,424.325625,2025-28
CMP-0356,2025-07-16,VIP Upgrade - LinkedIn Ads,LinkedIn Ads,Sydney,Corporate Buyers,Lead Generation,1043.64,23851,369,65,4,2381.07,3.97,1.5471049431889647,2.8282926829268296,1.084010840108401,260.91,2.2815051167069105,595.2675,2025-28
CMP-0433,2025-07-16,Weekend Boost - Meta Ads,Meta Ads,Sydney,Corporate Buyers,Awareness,874.13,15145,427,51,5,979.47,4.33,2.819412347309343,2.047142857142857,1.1709601873536302,174.826,1.1205083912003935,195.894,2025-28
CMP-0013,2025-07-17,Last Mile Sales - LinkedIn Ads,LinkedIn Ads,Brisbane,Corporate Buyers,Ticket Sales,902.97,15123,195,30,2,1191.06,4.25,1.2894267010513787,4.630615384615385,1.0256410256410255,451.485,1.3190471444234027,595.53,2025-28
CMP-0268,2025-07-17,Early Bird - LinkedIn Ads,LinkedIn Ads,Melbourne,Families,Awareness,822.18,14959,166,27,1,276.11,4.09,1.109699846246407,4.95289156626506,0.6024096385542169,822.18,0.3358267046145613,276.11,2025-28
CMP-0284,2025-07-19,Weekend Boost - Google Search,Google Search,Mumbai,Students,Retargeting,1634.06,37526,2270,317,93,15178.78,4.29,6.049139263444013,0.7198502202643171,4.096916299559472,17.570537634408602,9.288997956011407,163.21268817204302,2025-28
CMP-0219,2025-07-20,Last Mile Sales - LinkedIn Ads,LinkedIn Ads,Bangalore,Music Enthusiasts,Lead Generation,970.08,20367,336,66,5,2510.35,4.73,1.6497275003682428,2.8871428571428575,1.488095238095238,194.01600000000002,2.587776265874979,502.07,2025-29
CMP-0256,2025-07-20,Last Mile Sales - Google Search,Google Search,Melbourne,Families,Awareness,1328.5,19805,910,142,21,5446.2,4.3,4.594799293107801,1.4598901098901098,2.307692307692308,63.26190476190476,4.099510726383139,259.34285714285716,2025-29
CMP-0285,2025-07-20,Corporate Outreach - Google Search,Google Search,Sydney,Music Enthusiasts,Sponsorship,1555.32,32262,2024,361,46,15851.89,4.07,6.273634616576778,0.7684387351778655,2.272727272727273,33.81130434782609,10.192044080960832,344.6063043478261,2025-29
CMP-0052,2025-07-21,Corporate Outreach - Google Search,Google Search,Bangalore,Families,Ticket Sales,1332.41,35234,1429,269,73,10247.24,3.75,4.055741613214509,0.9324072778166551,5.108467459762071,18.252191780821917,7.690755848425034,140.37315068493152,2025-29
CMP-0069,2025-07-21,Summer Launch - Email,Email,Mumbai,Young Professionals,Awareness,400.12,8020,770,139,17,2447.88,4.15,9.600997506234414,0.5196363636363637,2.207792207792208,23.536470588235293,6.117864640607817,143.9929411764706,2025-29
CMP-0085,2025-07-21,Corporate Outreach - Retargeting,Retargeting,Sydney,Young Professionals,Awareness,631.29,10751,890,161,24,5189.47,4.28,8.278299693051808,0.709314606741573,2.696629213483146,26.303749999999997,8.220421676250218,216.2279166666667,2025-29
CMP-0298,2025-07-21,VIP Upgrade - LinkedIn Ads,LinkedIn Ads,Brisbane,Young Professionals,Ticket Sales,778.79,9787,124,24,1,327.81,4.57,1.2669868192500255,6.280564516129032,0.8064516129032258,778.79,0.42092219982280205,327.81,2025-29
CMP-0507,2025-07-21,Summer Launch - Google Search,Google Search,Mumbai,Families,Ticket Sales,1309.72,33059,1533,261,28,4565.98,4.02,4.637163858555915,0.8543509458577951,1.82648401826484,46.77571428571429,3.4862260635861095,163.07071428571427,2025-29
CMP-0154,2025-07-22,Early Bird - Meta Ads,Meta Ads,Brisbane,Music Enthusiasts,Lead Generation,1449.21,42129,926,168,7,1245.21,3.98,2.1980108713712645,1.5650215982721383,0.755939524838013,207.03,0.8592336514376798,177.88714285714286,2025-29
CMP-0162,2025-07-22,Last Mile Sales - LinkedIn Ads,LinkedIn Ads,Melbourne,Families,Sponsorship,749.55,16974,210,39,3,1115.72,4.37,1.2371862849063273,3.569285714285714,1.4285714285714286,249.85,1.4885197785337871,371.9066666666667,2025-29
CMP-0211,2025-07-22,Weekend Boost - Google Search,Google Search,Sydney,Premium Experience Seekers,Retargeting,934.64,24583,886,114,38,17166.27,3.94,3.6041166659886916,1.05489841986456,4.288939051918736,24.59578947368421,18.366718736625867,451.74394736842106,2025-29
CMP-0411,2025-07-23,VIP Upgrade - Google Search,Google Search,Melbourne,Corporate Buyers,Retargeting,1031.87,18072,829,128,19,4178.68,4.13,4.587206728640992,1.2447165259348612,2.2919179734620023,54.308947368421045,4.049618653512556,219.93052631578948,2025-29
CMP-0296,2025-07-24,Student Offer - Meta Ads,Meta Ads,Delhi,Young Professionals,Ticket Sales,977.73,17175,515,87,6,1125.46,4.28,2.9985443959243083,1.898504854368932,1.1650485436893203,162.955,1.1510948830454215,187.57666666666668,2025-29
CMP-0508,2025-07-24,Early Bird - Google Search,Google Search,Bangalore,Young Professionals,Lead Generation,995.21,25376,1587,287,37,12213.13,3.85,6.253940731399747,0.6271014492753624,2.3314429741650917,26.89756756756757,12.271912460686687,330.0845945945946,2025-29
CMP-0104,2025-07-25,VIP Upgrade - Meta Ads,Meta Ads,Brisbane,Families,Lead Generation,760.42,17133,461,60,4,719.53,4.41,2.6907138271172593,1.6495010845986984,0.8676789587852495,190.105,0.9462270850319561,179.8825,2025-29
CMP-0278,2025-07-25,Last Mile Sales - Meta Ads,Meta Ads,Sydney,Corporate Buyers,Retargeting,809.97,13226,280,60,6,1806.99,4.21,2.1170421896264933,2.89275,2.142857142857143,134.995,2.23093447905478,301.165,2025-29
CMP-0229,2025-07-26,VIP Upgrade - Google Search,Google Search,Bangalore,Corporate Buyers,Ticket Sales,1112.72,13989,638,114,27,7360.12,4.78,4.560726284938166,1.744075235109718,4.231974921630094,41.211851851851854,6.614530160327845,272.597037037037,2025-29
CMP-0113,2025-07-27,VIP Upgrade - Retargeting,Retargeting,Brisbane,Young Professionals,Awareness,427.45,8509,822,171,20,4000.29,4.06,9.660359619226702,0.5200121654501216,2.4330900243309004,21.3725,9.358498069949702,200.0145,2025-30
CMP-0517,2025-07-27,Festival Push - Sponsorship,Sponsorship,Mumbai,Music Enthusiasts,Awareness,1354.67,31583,743,185,10,5366.14,4.12,2.3525314251337743,1.8232436069986542,1.3458950201884252,135.467,3.961215646615043,536.614,2025-30
CMP-0161,2025-07-30,Weekend Boost - Meta Ads,Meta Ads,Brisbane,Students,Ticket Sales,909.01,23555,532,84,7,1267.24,3.68,2.2585438335809807,1.7086654135338346,1.3157894736842104,129.85857142857142,1.3940880738385717,181.03428571428572,2025-30
CMP-0380,2025-07-30,Corporate Outreach - Retargeting,Retargeting,Delhi,Young Professionals,Lead Generation,453.07,11831,994,199,26,5948.37,4.04,8.401656664694448,0.45580482897384306,2.61569416498994,17.42576923076923,13.129030834087448,228.78346153846152,2025-30
CMP-0447,2025-07-30,Last Mile Sales - Meta Ads,Meta Ads,Mumbai,Music Enthusiasts,Ticket Sales,979.68,21589,556,121,15,2548.31,3.84,2.5753856130436796,1.7620143884892085,2.697841726618705,65.312,2.6011656867548587,169.88733333333332,2025-30
CMP-0333,2025-07-31,Last Mile Sales - Influencer,Influencer,Brisbane,Young Professionals,Awareness,535.4,12505,384,64,1,215.79,4.31,3.0707716913234706,1.3942708333333333,0.26041666666666663,535.4,0.40304445274561074,215.79,2025-30
CMP-0012,2025-08-01,Last Mile Sales - Email,Email,Melbourne,Families,Retargeting,196.65,4432,391,50,14,2357.09,4.49,8.822202166064983,0.5029411764705882,3.580562659846547,14.046428571428573,11.986219171116197,168.36357142857145,2025-30
CMP-0454,2025-08-01,Last Mile Sales - Retargeting,Retargeting,Bangalore,Young Professionals,Sponsorship,497.88,14059,964,244,80,10928.74,3.97,6.856817696848994,0.5164730290456432,8.29875518672199,6.2235,21.950550333413673,136.60925,2025-30
CMP-0382,2025-08-02,Corporate Outreach - Email,Email,Sydney,Corporate Buyers,Awareness,227.96,3874,410,68,9,3018.08,4.32,10.583376355188436,0.556,2.195121951219512,25.32888888888889,13.239515704509563,335.34222222222223,2025-30
CMP-0455,2025-08-02,Corporate Outreach - Meta Ads,Meta Ads,Melbourne,Corporate Buyers,Retargeting,684.41,14315,429,77,8,1527.35,4.24,2.996856444289207,1.5953613053613054,1.8648018648018647,85.55125,2.2316301632062654,190.91875,2025-30
CMP-0244,2025-08-03,Early Bird - LinkedIn Ads,LinkedIn Ads,Melbourne,Music Enthusiasts,Lead Generation,1090.72,23493,334,60,3,1093.85,4.04,1.4217000808751543,3.26562874251497,0.8982035928143712,363.5733333333333,1.0028696640751062,364.6166666666666,2025-31
CMP-0056,2025-08-04,Corporate Outreach - Meta Ads,Meta Ads,Delhi,Families,Lead Generation,894.8,16871,439,61,6,1114.28,3.68,2.6020982751467017,2.038268792710706,1.366742596810934,149.13333333333333,1.2452838623156013,185.71333333333334,2025-31
CMP-0442,2025-08-04,Weekend Boost - Google Search,Google Search,Melbourne,Premium Experience Seekers,Lead Generation,1499.57,25365,926,130,23,6550.63,4.33,3.6506997831657797,1.6194060475161987,2.4838012958963285,65.19869565217391,4.3683389238248305,284.81,2025-31
CMP-0039,2025-08-05,Festival Push - Google Search,Google Search,Melbourne,Music Enthusiasts,Retargeting,1399.76,26935,1483,285,68,17868.2,3.68,5.505847410432523,0.9438705327039785,4.585300067430883,20.584705882352942,12.76518831799737,262.7676470588235,2025-31
CMP-0259,2025-08-05,VIP Upgrade - Meta Ads,Meta Ads,Melbourne,Corporate Buyers,Sponsorship,700.63,15501,427,79,13,2322.92,4.19,2.7546609896135736,1.6408196721311474,3.0444964871194378,53.894615384615385,3.3154732169618772,178.68615384615384,2025-31
CMP-0156,2025-08-08,Corporate Outreach - Retargeting,Retargeting,Brisbane,Young Professionals,Ticket Sales,958.43,22270,1608,152,49,12490.07,4.62,7.220475976650202,0.5960385572139303,3.0472636815920398,19.559795918367346,13.03180200953643,254.89938775510203,2025-31
CMP-0301,2025-08-08,Early Bird - Sponsorship,Sponsorship,Bangalore,Corporate Buyers,Retargeting,798.35,20448,345,63,5,3438.79,3.97,1.687206572769953,2.314057971014493,1.4492753623188406,159.67000000000002,4.307371453623097,687.758,2025-31
CMP-0248,2025-08-11,Corporate Outreach - Google Search,Google Search,Mumbai,Families,Ticket Sales,2122.87,34685,2121,453,48,11732.56,4.16,6.115035317860746,1.000881659594531,2.263083451202263,44.22645833333333,5.526744454441393,244.4283333333333,2025-32
CMP-0033,2025-08-12,Last Mile Sales - Influencer,Influencer,Brisbane,Premium Experience Seekers,Sponsorship,762.43,19301,690,144,9,4058.13,4.13,3.5749443034039685,1.1049710144927536,1.3043478260869565,84.71444444444444,5.32262633946723,450.90333333333336,2025-32
CMP-0127,2025-08-12,Festival Push - Google Search,Google Search,Bangalore,Young Professionals,Ticket Sales,2064.02,53800,2643,420,85,25013.99,4.16,4.912639405204461,0.7809383276579644,3.216042376087779,24.282588235294117,12.119063768761931,294.28223529411764,2025-32
CMP-0438,2025-08-12,VIP Upgrade - Email,Email,Delhi,Families,Awareness,314.1,5573,450,87,12,1747.27,4.47,8.074645612775884,0.6980000000000001,2.666666666666667,26.175,5.562782553326966,145.60583333333332,2025-32
CMP-0170,2025-08-14,Weekend Boost - Meta Ads,Meta Ads,Delhi,Corporate Buyers,Lead Generation,630.24,12843,270,27,3,448.73,3.94,2.102312543798178,2.3342222222222224,1.1111111111111112,210.08,0.7119986037065246,149.57666666666668,2025-32
CMP-0262,2025-08-14,VIP Upgrade - Sponsorship,Sponsorship,Bangalore,Premium Experience Seekers,Ticket Sales,1535.48,40450,757,172,19,16854.22,4.18,1.8714462299134735,2.0283751651254955,2.509907529722589,80.81473684210526,10.976515487013833,887.0642105263158,2025-32
CMP-0370,2025-08-15,VIP Upgrade - Meta Ads,Meta Ads,Delhi,Students,Awareness,1311.89,28743,1016,169,13,2207.48,5.0,3.5347736840274155,1.2912303149606301,1.279527559055118,100.91461538461539,1.6826715654513715,169.80615384615385,2025-32
CMP-0473,2025-08-15,Summer Launch - LinkedIn Ads,LinkedIn Ads,Sydney,Corporate Buyers,Retargeting,621.12,11757,212,27,1,394.47,4.3,1.8031810836097644,2.929811320754717,0.4716981132075472,621.12,0.6350946676970635,394.47,2025-32
CMP-0397,2025-08-16,Early Bird - Google Search,Google Search,Sydney,Corporate Buyers,Ticket Sales,1167.34,24227,1100,253,43,15017.97,4.83,4.540388822388245,1.0612181818181818,3.909090909090909,27.147441860465115,12.86512070176641,349.25511627906974,2025-32
CMP-0303,2025-08-18,VIP Upgrade - Google Search,Google Search,Melbourne,Students,Awareness,1502.43,38833,1711,322,25,4770.83,4.47,4.406046403831793,0.8781005260081823,1.461133839859731,60.0972,3.17540917047716,190.8332,2025-33
CMP-0092,2025-08-19,VIP Upgrade - Meta Ads,Meta Ads,Brisbane,Music Enthusiasts,Ticket Sales,770.82,12767,311,61,3,705.77,3.77,2.435967729302107,2.4785209003215436,0.964630225080386,256.94,0.9156093510806672,235.25666666666666,2025-33
CMP-0020,2025-08-20,Festival Push - Retargeting,Retargeting,Melbourne,Music Enthusiasts,Ticket Sales,473.53,9642,712,190,55,10623.89,4.1,7.384360091267372,0.665070224719101,7.724719101123595,8.609636363636364,22.435516229172386,193.16163636363635,2025-33
CMP-0355,2025-08-20,Corporate Outreach - Email,Email,Delhi,Music Enthusiasts,Sponsorship,269.27,5194,483,101,20,4416.48,4.01,9.299191374663073,0.5574948240165631,4.140786749482402,13.4635,16.40167861254503,220.82399999999998,2025-33
CMP-0029,2025-08-21,Festival Push - Influencer,Influencer,Mumbai,Premium Experience Seekers,Ticket Sales,1147.43,26302,584,103,5,1320.99,4.73,2.2203634704585204,1.964777397260274,0.8561643835616438,229.48600000000002,1.1512597718379334,264.198,2025-33
CMP-0042,2025-08-25,Weekend Boost - Email,Email,Brisbane,Corporate Buyers,Ticket Sales,336.61,7565,653,141,16,3757.23,5.0,8.631857237276934,0.5154823889739664,2.4502297090352223,21.038125,11.161967855975758,234.826875,2025-34
CMP-0291,2025-08-26,Corporate Outreach - Meta Ads,Meta Ads,Melbourne,Corporate Buyers,Retargeting,796.15,19538,601,74,11,2826.2,4.47,3.076056914730269,1.3247088186356073,1.8302828618968388,72.37727272727273,3.549833574075237,256.92727272727274,2025-34
CMP-0359,2025-08-27,Last Mile Sales - Influencer,Influencer,Brisbane,Corporate Buyers,Sponsorship,773.11,13095,319,63,2,630.94,4.49,2.4360442917143947,2.4235423197492163,0.6269592476489028,386.555,0.8161063755481109,315.47,2025-34
CMP-0486,2025-08-28,Early Bird - Influencer,Influencer,Melbourne,Music Enthusiasts,Retargeting,514.3,8446,157,31,1,250.7,4.33,1.8588681032441392,3.2757961783439487,0.6369426751592357,514.3,0.48745868170328605,250.7,2025-34
CMP-0444,2025-08-29,VIP Upgrade - Google Search,Google Search,Brisbane,Young Professionals,Ticket Sales,1275.5,25685,1083,225,20,5037.92,4.1,4.216468756083317,1.177746999076639,1.8467220683287167,63.775,3.949760878087025,251.89600000000002,2025-34
CMP-0070,2025-08-31,Early Bird - Google Search,Google Search,Bangalore,Premium Experience Seekers,Lead Generation,624.65,12186,747,162,24,8421.08,3.9,6.129985228951256,0.8362115127175368,3.2128514056224895,26.027083333333334,13.48127751540863,350.87833333333333,2025-35
CMP-0489,2025-08-31,Summer Launch - Sponsorship,Sponsorship,Melbourne,Premium Experience Seekers,Sponsorship,1801.02,33545,433,87,12,7695.98,4.34,1.2908033984200329,4.159399538106236,2.771362586605081,150.085,4.2731230080732026,641.3316666666666,2025-35
CMP-0249,2025-09-01,Last Mile Sales - Retargeting,Retargeting,Melbourne,Corporate Buyers,Lead Generation,888.69,19836,1593,249,47,11298.34,3.98,8.030852994555355,0.5578719397363465,2.9504080351537976,18.908297872340427,12.71347714051019,240.39021276595744,2025-35
CMP-0510,2025-09-01,Weekend Boost - Google Search,Google Search,Sydney,Young Professionals,Awareness,1912.26,41813,2398,505,53,12749.26,4.3,5.735058474637075,0.7974395329441201,2.2101751459549623,36.080377358490566,6.667116396305942,240.55207547169812,2025-35
CMP-0014,2025-09-03,Corporate Outreach - Google Search,Google Search,Brisbane,Corporate Buyers,Awareness,1231.18,33330,1773,380,23,5582.47,3.86,5.31953195319532,0.6944049633389735,1.2972363226170334,53.52956521739131,4.534243571208109,242.71608695652176,2025-35
CMP-0077,2025-09-03,Last Mile Sales - Google Search,Google Search,Brisbane,Students,Ticket Sales,564.49,11262,562,99,14,2952.17,4.53,4.990232640738768,1.0044306049822065,2.491103202846975,40.32071428571429,5.229800350759092,210.86928571428572,2025-35
CMP-0090,2025-09-04,Early Bird - Meta Ads,Meta Ads,Melbourne,Students,Lead Generation,1066.72,23083,692,73,9,710.44,4.21,2.997877225663909,1.5415028901734105,1.300578034682081,118.52444444444444,0.6660041997900106,78.93777777777778,2025-35
CMP-0393,2025-09-04,Student Offer - Influencer,Influencer,Delhi,Premium Experience Seekers,Retargeting,805.9,15982,533,100,6,1536.88,4.79,3.3350018771117504,1.5120075046904315,1.125703564727955,134.31666666666666,1.9070356123588537,256.1466666666667,2025-35
CMP-0288,2025-09-05,Weekend Boost - Meta Ads,Meta Ads,Brisbane,Families,Ticket Sales,827.11,20858,488,105,4,823.25,4.06,2.3396298782241827,1.6948975409836067,0.819672131147541,206.7775,0.9953331479488823,205.8125,2025-35
CMP-0314,2025-09-05,Festival Push - Google Search,Google Search,Mumbai,Young Professionals,Retargeting,781.86,17654,1257,229,39,11020.92,4.91,7.120199388240625,0.6220047732696897,3.1026252983293556,20.04769230769231,14.095771621517919,282.5876923076923,2025-35
CMP-0240,2025-09-06,Weekend Boost - Email,Email,Bangalore,Families,Lead Generation,298.93,8917,1025,153,43,5533.57,3.58,11.49489738701357,0.2916390243902439,4.195121951219512,6.95186046511628,18.51125681597698,128.68767441860464,2025-35
CMP-0035,2025-09-07,Last Mile Sales - Sponsorship,Sponsorship,Melbourne,Corporate Buyers,Retargeting,1636.51,37325,688,142,15,10324.22,3.95,1.8432685867381111,2.3786482558139537,2.1802325581395348,109.10066666666667,6.308681279063372,688.2813333333332,2025-36
CMP-0064,2025-09-07,Student Offer - Meta Ads,Meta Ads,Melbourne,Students,Ticket Sales,1380.95,29179,896,125,12,1999.74,4.22,3.0707015319236435,1.5412388392857144,1.3392857142857142,115.07916666666667,1.448090082913936,166.645,2025-36
CMP-0381,2025-09-07,Summer Launch - Retargeting,Retargeting,Mumbai,Families,Ticket Sales,587.69,10436,788,117,16,3216.41,4.38,7.550785741663472,0.7457994923857869,2.030456852791878,36.730625,5.472970443601217,201.025625,2025-36
CMP-0049,2025-09-09,VIP Upgrade - Meta Ads,Meta Ads,Delhi,Young Professionals,Sponsorship,956.1,17947,418,60,5,803.66,4.18,2.3290800690923272,2.2873205741626794,1.1961722488038278,191.22,0.8405606108147683,160.732,2025-36
CMP-0116,2025-09-09,VIP Upgrade - Google Search,Google Search,Brisbane,Corporate Buyers,Ticket Sales,983.82,17469,904,113,24,9556.23,4.3,5.17488121815788,1.088296460176991,2.6548672566371683,40.9925,9.713392693785448,398.17625,2025-36
CMP-0373,2025-09-11,Festival Push - Email,Email,Delhi,Families,Awareness,281.16,6165,379,57,10,972.98,4.59,6.147607461476075,0.7418469656992085,2.638522427440633,28.116000000000003,3.4605918338312702,97.298,2025-36
CMP-0093,2025-09-13,VIP Upgrade - Sponsorship,Sponsorship,Delhi,Students,Ticket Sales,1510.84,32701,601,117,10,4978.63,4.04,1.8378642854958562,2.5138768718801994,1.6638935108153077,151.084,3.2952728283603827,497.863,2025-36
CMP-0337,2025-09-14,Weekend Boost - Retargeting,Retargeting,Brisbane,Music Enthusiasts,Ticket Sales,1032.33,21001,864,152,58,16421.24,3.92,4.114089805247369,1.1948263888888888,6.712962962962964,17.798793103448276,15.906967733186097,283.12482758620695,2025-37
CMP-0389,2025-09-14,Corporate Outreach - Email,Email,Melbourne,Students,Retargeting,490.95,11484,976,203,30,3393.44,4.32,8.498780912574016,0.5030225409836065,3.0737704918032787,16.365,6.911986964049293,113.11466666666666,2025-37
CMP-0449,2025-09-15,Festival Push - Influencer,Influencer,Bangalore,Music Enthusiasts,Awareness,930.95,17874,483,97,4,669.43,4.09,2.7022490768714333,1.927432712215321,0.8281573498964804,232.7375,0.7190826575004027,167.3575,2025-37
CMP-0038,2025-09-17,Summer Launch - Influencer,Influencer,Melbourne,Music Enthusiasts,Lead Generation,1126.18,16297,540,77,6,1419.45,3.56,3.3134932809719584,2.0855185185185188,1.1111111111111112,187.6966666666667,1.2604113019233159,236.57500000000002,2025-37
CMP-0272,2025-09-17,Festival Push - Email,Email,Mumbai,Premium Experience Seekers,Ticket Sales,372.98,5943,495,102,26,6360.48,4.22,8.329126703685008,0.7534949494949496,5.252525252525253,14.345384615384615,17.053139578529677,244.63384615384615,2025-37
CMP-0239,2025-09-18,Corporate Outreach - Meta Ads,Meta Ads,Melbourne,Music Enthusiasts,Ticket Sales,731.72,14138,508,68,6,918.8,4.8,3.5931532041307115,1.4403937007874017,1.1811023622047243,121.95333333333333,1.2556715683594817,153.13333333333333,2025-37
CMP-0504,2025-09-18,Summer Launch - LinkedIn Ads,LinkedIn Ads,Bangalore,Music Enthusiasts,Awareness,977.25,22100,338,71,1,279.69,3.94,1.5294117647058825,2.8912721893491122,0.2958579881656805,977.25,0.2862010744435917,279.69,2025-37
CMP-0401,2025-09-19,Summer Launch - Google Search,Google Search,Melbourne,Music Enthusiasts,Retargeting,1406.07,27544,1855,354,71,24814.91,4.33,6.734679058960209,0.7579892183288409,3.8274932614555257,19.803802816901406,17.648417219626335,349.50577464788734,2025-37
CMP-0364,2025-09-20,Weekend Boost - Sponsorship,Sponsorship,Brisbane,Music Enthusiasts,Ticket Sales,1402.82,18330,306,70,5,2175.63,3.96,1.6693944353518821,4.5843790849673205,1.6339869281045754,280.56399999999996,1.550897477937298,435.12600000000003,2025-37
CMP-0008,2025-09-21,Student Offer - Google Search,Google Search,Melbourne,Young Professionals,Awareness,1420.44,25741,1341,263,28,8493.34,4.17,5.209587817101123,1.0592393736017898,2.087994034302759,50.730000000000004,5.979372588775309,303.3335714285714,2025-38
CMP-0188,2025-09-21,VIP Upgrade - Retargeting,Retargeting,Melbourne,Premium Experience Seekers,Ticket Sales,547.81,8890,737,123,40,11481.31,4.46,8.29021372328459,0.7432971506105833,5.4274084124830395,13.695249999999998,20.958562275241416,287.03274999999996,2025-38
CMP-0212,2025-09-22,Summer Launch - Meta Ads,Meta Ads,Sydney,Music Enthusiasts,Retargeting,902.97,23657,588,107,14,4396.98,4.0,2.485522255569176,1.5356632653061224,2.380952380952381,64.49785714285714,4.869464101797401,314.07,2025-38
CMP-0388,2025-09-22,Summer Launch - Retargeting,Retargeting,Bangalore,Young Professionals,Ticket Sales,547.54,8752,702,130,25,5305.17,3.68,8.021023765996343,0.7799715099715099,3.561253561253561,21.9016,9.68910033970121,212.20680000000002,2025-38
CMP-0369,2025-09-23,Last Mile Sales - LinkedIn Ads,LinkedIn Ads,Bangalore,Young Professionals,Lead Generation,842.08,19831,333,55,4,1658.05,4.39,1.6791891483031618,2.528768768768769,1.2012012012012012,210.52,1.968993444803344,414.5125,2025-38
CMP-0177,2025-09-24,VIP Upgrade - Email,Email,Melbourne,Families,Retargeting,249.22,5113,464,61,14,2479.16,3.29,9.074907099550167,0.5371120689655172,3.0172413793103448,17.80142857142857,9.947676751464568,177.08285714285714,2025-38
CMP-0350,2025-09-24,Early Bird - LinkedIn Ads,LinkedIn Ads,Sydney,Families,Lead Generation,626.42,13238,150,25,1,366.9,3.96,1.133101676990482,4.1761333333333335,0.6666666666666667,626.42,0.5857092685418729,366.9,2025-38
CMP-0068,2025-09-27,Early Bird - Google Search,Google Search,Bangalore,Families,Ticket Sales,1725.73,36276,2344,422,86,14401.19,4.34,6.461572389458595,0.7362329351535837,3.668941979522184,20.066627906976745,8.344984441366842,167.45569767441862,2025-38
CMP-0100,2025-09-27,Weekend Boost - Sponsorship,Sponsorship,Melbourne,Students,Ticket Sales,1475.05,29720,526,94,15,2770.64,3.5,1.769851951547779,2.8042775665399238,2.8517110266159698,98.33666666666666,1.8783363275821159,184.70933333333332,2025-38
CMP-0414,2025-09-28,Weekend Boost - Email,Email,Sydney,Families,Ticket Sales,397.82,7386,714,132,9,1134.82,4.18,9.66693744922827,0.557170868347339,1.2605042016806722,44.20222222222222,2.8525966517520485,126.0911111111111,2025-39
CMP-0144,2025-09-29,Last Mile Sales - LinkedIn Ads,LinkedIn Ads,Mumbai,Premium Experience Seekers,Ticket Sales,958.32,9912,154,19,2,995.6,4.61,1.5536723163841808,6.222857142857143,1.2987012987012987,479.16,1.0389014108022372,497.8,2025-39
CMP-0361,2025-09-29,Summer Launch - Sponsorship,Sponsorship,Melbourne,Music Enthusiasts,Ticket Sales,1121.7,19702,426,91,7,3132.39,3.97,2.1622170338036746,2.6330985915492957,1.643192488262911,160.24285714285716,2.792538111794597,447.4842857142857,2025-39
CMP-0445,2025-09-29,Weekend Boost - Retargeting,Retargeting,Bangalore,Music Enthusiasts,Ticket Sales,588.96,11664,1113,189,81,19427.26,4.35,9.542181069958849,0.5291644204851752,7.277628032345014,7.271111111111112,32.985703613148594,239.8427160493827,2025-39
CMP-0087,2025-09-30,VIP Upgrade - Sponsorship,Sponsorship,Melbourne,Premium Experience Seekers,Retargeting,1695.35,31854,523,110,15,13665.87,4.66,1.641866013687449,3.241586998087954,2.8680688336520075,113.02333333333333,8.060795705901437,911.0580000000001,2025-39
CMP-0180,2025-09-30,Corporate Outreach - LinkedIn Ads,LinkedIn Ads,Melbourne,Corporate Buyers,Lead Generation,852.65,19041,242,28,2,732.83,3.69,1.270941652224148,3.5233471074380165,0.8264462809917356,426.325,0.8594734064387498,366.415,2025-39
CMP-0016,2025-10-01,Summer Launch - LinkedIn Ads,LinkedIn Ads,Mumbai,Young Professionals,Retargeting,877.63,17136,252,56,3,1060.95,4.59,1.4705882352941175,3.48265873015873,1.1904761904761905,292.54333333333335,1.2088807356175155,353.65000000000003,2025-39
CMP-0410,2025-10-01,Corporate Outreach - Retargeting,Retargeting,Mumbai,Corporate Buyers,Lead Generation,660.52,12031,940,174,36,12763.0,4.33,7.813149364142631,0.7026808510638297,3.829787234042553,18.34777777777778,19.32265487797493,354.52777777777777,2025-39
CMP-0257,2025-10-02,Festival Push - LinkedIn Ads,LinkedIn Ads,Bangalore,Students,Retargeting,1088.46,18481,131,15,2,538.28,3.94,0.7088361019425355,8.308854961832061,1.5267175572519083,544.23,0.4945335611781783,269.14,2025-39
CMP-0076,2025-10-03,VIP Upgrade - Retargeting,Retargeting,Melbourne,Corporate Buyers,Awareness,695.99,11989,978,130,26,6223.2,4.18,8.157477687880558,0.7116462167689162,2.658486707566462,26.768846153846155,8.9415077802842,239.35384615384615,2025-39
CMP-0498,2025-10-03,Early Bird - Influencer,Influencer,Delhi,Families,Awareness,695.32,12993,365,44,2,397.26,4.5,2.8092049565150465,1.9049863013698631,0.547945205479452,347.66,0.5713340620146119,198.63,2025-39
CMP-0243,2025-10-04,VIP Upgrade - Meta Ads,Meta Ads,Sydney,Families,Sponsorship,912.96,17661,440,119,10,1495.11,4.36,2.491365154860993,2.074909090909091,2.272727272727273,91.296,1.6376511566771816,149.511,2025-39
CMP-0318,2025-10-04,Festival Push - LinkedIn Ads,LinkedIn Ads,Bangalore,Students,Retargeting,1315.6,26555,309,68,6,2054.44,4.62,1.1636226699303334,4.257605177993527,1.9417475728155338,219.26666666666665,1.5615992702949226,342.4066666666667,2025-39
CMP-0266,2025-10-05,Corporate Outreach - Retargeting,Retargeting,Melbourne,Premium Experience Seekers,Retargeting,660.99,14731,814,156,57,18369.78,4.25,5.525761998506551,0.812027027027027,7.002457002457002,11.596315789473685,27.791313030454315,322.27684210526314,2025-40
CMP-0329,2025-10-05,Corporate Outreach - Meta Ads,Meta Ads,Sydney,Music Enthusiasts,Awareness,931.17,21445,555,90,5,772.77,4.34,2.588015854511541,1.6777837837837837,0.9009009009009009,186.23399999999998,0.8298914269145269,154.554,2025-40
CMP-0071,2025-10-06,Corporate Outreach - Email,Email,Sydney,Music Enthusiasts,Ticket Sales,308.15,4629,401,75,16,2835.06,4.29,8.662778137826745,0.7684538653366583,3.99002493765586,19.259375,9.200259613824437,177.19125,2025-40
CMP-0006,2025-10-07,Summer Launch - Influencer,Influencer,Brisbane,Music Enthusiasts,Ticket Sales,794.63,17756,620,128,6,1312.93,4.5,3.491777427348502,1.2816612903225806,0.967741935483871,132.43833333333333,1.6522532499402238,218.8216666666667,2025-40
CMP-0139,2025-10-08,Weekend Boost - Google Search,Google Search,Melbourne,Premium Experience Seekers,Sponsorship,1208.22,16330,490,104,13,4069.45,3.71,3.0006123698714022,2.4657551020408164,2.6530612244897958,92.94,3.3681365976395026,313.0346153846154,2025-40
CMP-0309,2025-10-09,Festival Push - Google Search,Google Search,Brisbane,Premium Experience Seekers,Retargeting,1140.71,15579,675,158,19,4685.31,3.66,4.332755632582322,1.6899407407407407,2.814814814814815,60.03736842105263,4.107362958157639,246.59526315789475,2025-40
CMP-0145,2025-10-10,Last Mile Sales - Meta Ads,Meta Ads,Delhi,Premium Experience Seekers,Lead Generation,874.18,16656,322,62,2,612.3,4.25,1.9332372718539867,2.7148447204968944,0.6211180124223602,437.09,0.7004278295087968,306.15,2025-40
CMP-0224,2025-10-10,Early Bird - Retargeting,Retargeting,Delhi,Corporate Buyers,Ticket Sales,607.64,7050,576,132,35,10373.76,4.22,8.170212765957446,1.0549305555555555,6.076388888888888,17.361142857142855,17.072213810809032,296.3931428571429,2025-40
CMP-0138,2025-10-11,Student Offer - LinkedIn Ads,LinkedIn Ads,Sydney,Premium Experience Seekers,Lead Generation,920.32,18358,189,25,2,1253.8,3.43,1.0295239132803138,4.86941798941799,1.0582010582010581,460.16,1.3623522253129345,626.9,2025-40
CMP-0061,2025-10-12,Corporate Outreach - Email,Email,Melbourne,Corporate Buyers,Retargeting,297.98,7094,388,58,14,1607.1,3.86,5.469410769664505,0.7679896907216496,3.608247422680412,21.284285714285716,5.393314987583059,114.79285714285713,2025-41
CMP-0215,2025-10-12,Last Mile Sales - Google Search,Google Search,Mumbai,Families,Ticket Sales,1598.58,28105,976,110,20,3135.96,4.15,3.472691691869774,1.637889344262295,2.0491803278688523,79.929,1.9617160229703863,156.798,2025-41
CMP-0459,2025-10-12,Corporate Outreach - Retargeting,Retargeting,Delhi,Families,Ticket Sales,845.24,11541,739,185,27,4719.92,3.89,6.403257949917684,1.1437618403247631,3.6535859269282813,31.305185185185184,5.584118120297194,174.81185185185186,2025-41
CMP-0181,2025-10-13,Weekend Boost - Meta Ads,Meta Ads,Melbourne,Students,Ticket Sales,1244.67,24732,731,126,12,1256.95,3.51,2.955684942584506,1.7026949384404926,1.6415868673050615,103.72250000000001,1.0098660689178658,104.74583333333334,2025-41
CMP-0315,2025-10-14,Early Bird - Email,Email,Sydney,Students,Sponsorship,440.72,11989,1191,198,95,12350.2,4.0,9.934106264075403,0.3700419815281277,7.976490344248531,4.639157894736843,28.022780903975313,130.00210526315792,2025-41
CMP-0358,2025-10-16,Corporate Outreach - Influencer,Influencer,Mumbai,Corporate Buyers,Lead Generation,651.48,15916,569,103,4,1379.72,4.19,3.5750188489570243,1.1449560632688929,0.7029876977152899,162.87,2.1178240314361148,344.93,2025-41
CMP-0399,2025-10-16,Summer Launch - Sponsorship,Sponsorship,Melbourne,Music Enthusiasts,Ticket Sales,1505.48,25177,534,83,9,5181.01,4.82,2.1209834372641696,2.819250936329588,1.6853932584269662,167.27555555555557,3.4414339612615246,575.6677777777778,2025-41
CMP-0060,2025-10-17,Early Bird - Retargeting,Retargeting,Sydney,Families,Ticket Sales,648.22,15082,1191,266,52,8674.99,4.03,7.8968306590637845,0.5442653232577666,4.36607892527288,12.465769230769231,13.382786708216345,166.82673076923078,2025-41
CMP-0206,2025-10-17,Festival Push - Google Search,Google Search,Brisbane,Families,Ticket Sales,1236.96,25716,1051,108,27,6377.85,4.62,4.086949758904962,1.1769362511893435,2.5689819219790673,45.81333333333333,5.156068102444704,236.21666666666667,2025-41
CMP-0005,2025-10-18,Festival Push - Influencer,Influencer,Melbourne,Music Enthusiasts,Awareness,894.34,12674,370,60,2,457.71,4.72,2.9193624743569515,2.417135135135135,0.5405405405405406,447.17,0.5117852270948409,228.855,2025-41
CMP-0149,2025-10-18,Student Offer - Google Search,Google Search,Brisbane,Corporate Buyers,Lead Generation,1321.27,20464,969,179,7,2417.84,4.87,4.735144644253323,1.3635397316821465,0.7223942208462332,188.75285714285715,1.829936349118651,345.4057142857143,2025-41
CMP-0202,2025-10-18,Early Bird - Meta Ads,Meta Ads,Brisbane,Music Enthusiasts,Ticket Sales,1511.07,30302,1008,190,18,4100.1,4.68,3.3265131014454488,1.499077380952381,1.7857142857142856,83.94833333333332,2.7133752903571646,227.78333333333336,2025-41
CMP-0485,2025-10-18,Festival Push - Meta Ads,Meta Ads,Sydney,Premium Experience Seekers,Retargeting,935.99,13441,392,73,7,1823.75,3.95,2.916449668923443,2.3877295918367345,1.7857142857142856,133.71285714285713,1.9484716717058943,260.5357142857143,2025-41
CMP-0183,2025-10-19,Last Mile Sales - Sponsorship,Sponsorship,Mumbai,Corporate Buyers,Ticket Sales,1194.49,26124,486,98,9,6546.88,4.23,1.8603582912264585,2.457798353909465,1.8518518518518516,132.7211111111111,5.480899798240253,727.4311111111111,2025-42
CMP-0354,2025-10-19,Weekend Boost - Google Search,Google Search,Brisbane,Premium Experience Seekers,Ticket Sales,1306.58,37623,1950,303,47,16682.89,4.15,5.182999760784626,0.6700410256410256,2.41025641025641,27.799574468085105,12.768364738477553,354.9551063829787,2025-42
CMP-0124,2025-10-20,Weekend Boost - Email,Email,Bangalore,Premium Experience Seekers,Lead Generation,519.78,7135,805,183,23,8518.61,4.55,11.282410651716889,0.6456894409937888,2.857142857142857,22.59913043478261,16.388876062949713,370.374347826087,2025-42
CMP-0348,2025-10-20,VIP Upgrade - Meta Ads,Meta Ads,Mumbai,Corporate Buyers,Ticket Sales,707.03,11186,268,38,2,519.73,4.28,2.3958519578043984,2.6381716417910446,0.7462686567164178,353.515,0.7350890344115526,259.865,2025-42
CMP-0051,2025-10-21,Corporate Outreach - Meta Ads,Meta Ads,Bangalore,Families,Retargeting,1322.44,25112,722,69,11,1713.13,3.82,2.8751194647977063,1.831634349030471,1.5235457063711912,120.2218181818182,1.295431172680802,155.73909090909092,2025-42
CMP-0400,2025-10-23,Corporate Outreach - Google Search,Google Search,Bangalore,Premium Experience Seekers,Ticket Sales,810.06,18288,825,157,27,10429.06,4.24,4.511154855643045,0.981890909090909,3.272727272727273,30.00222222222222,12.874429054637929,386.26148148148144,2025-42
CMP-0366,2025-10-25,VIP Upgrade - Influencer,Influencer,Brisbane,Students,Ticket Sales,889.18,18045,484,68,4,750.92,4.32,2.6821834303131062,1.8371487603305785,0.8264462809917356,222.295,0.8445084234913066,187.73,2025-42
CMP-0450,2025-10-27,Corporate Outreach - Email,Email,Melbourne,Corporate Buyers,Awareness,443.04,9327,870,128,23,5408.99,3.72,9.327758121582502,0.5092413793103449,2.6436781609195403,19.262608695652176,12.208807331166485,235.17347826086956,2025-43
CMP-0502,2025-10-27,Weekend Boost - Google Search,Google Search,Melbourne,Corporate Buyers,Awareness,1415.36,29169,1734,313,60,20353.87,4.27,5.944667283760157,0.816239907727797,3.4602076124567476,23.589333333333332,14.380701729595298,339.23116666666664,2025-43
CMP-0200,2025-10-29,Early Bird - LinkedIn Ads,LinkedIn Ads,Bangalore,Students,Lead Generation,905.14,19763,294,60,5,1791.31,3.65,1.4876283964985073,3.078707482993197,1.7006802721088436,181.028,1.9790419161676647,358.262,2025-43
CMP-0452,2025-10-29,Weekend Boost - LinkedIn Ads,LinkedIn Ads,Mumbai,Families,Retargeting,1222.72,24046,339,77,5,1307.93,3.97,1.409797887382517,3.6068436578171092,1.4749262536873156,244.544,1.0696888903428423,261.586,2025-43
CMP-0203,2025-10-30,Corporate Outreach - Retargeting,Retargeting,Bangalore,Premium Experience Seekers,Lead Generation,1105.43,20912,1596,357,86,25099.13,3.37,7.631981637337414,0.6926253132832081,5.3884711779448615,12.853837209302327,22.705309246175695,291.8503488372093,2025-43
CMP-0160,2025-10-31,Corporate Outreach - Retargeting,Retargeting,Melbourne,Young Professionals,Ticket Sales,808.29,18948,1722,257,85,21912.84,4.22,9.0880303989867,0.469390243902439,4.936120789779326,9.509294117647059,27.110121367331033,257.7981176470588,2025-43
CMP-0046,2025-11-02,VIP Upgrade - Email,Email,Melbourne,Music Enthusiasts,Awareness,465.95,7510,580,131,14,3719.73,4.05,7.723035952063914,0.8033620689655172,2.413793103448276,33.28214285714286,7.9831097757270095,265.695,2025-44
CMP-0236,2025-11-02,Weekend Boost - Google Search,Google Search,Melbourne,Premium Experience Seekers,Ticket Sales,888.79,17550,852,195,35,13503.25,4.25,4.854700854700854,1.0431807511737088,4.107981220657277,25.394,15.192846454168027,385.8071428571429,2025-44
CMP-0306,2025-11-02,Weekend Boost - Sponsorship,Sponsorship,Mumbai,Premium Experience Seekers,Ticket Sales,1557.8,31713,546,75,7,4288.71,4.28,1.7216914199224294,2.853113553113553,1.282051282051282,222.54285714285714,2.753055591218385,612.6728571428572,2025-44
CMP-0471,2025-11-02,Corporate Outreach - Influencer,Influencer,Sydney,Premium Experience Seekers,Lead Generation,1146.16,22947,939,193,10,2938.94,3.98,4.092038174924826,1.2206176783812568,1.0649627263045793,114.61600000000001,2.564162071613038,293.894,2025-44
CMP-0429,2025-11-03,Student Offer - Google Search,Google Search,Sydney,Families,Ticket Sales,1189.85,29409,1683,216,39,7022.43,3.9,5.722737937366112,0.7069815805109922,2.3172905525846703,30.508974358974356,5.901945623397908,180.0623076923077,2025-44
CMP-0487,2025-11-03,Student Offer - Google Search,Google Search,Bangalore,Young Professionals,Lead Generation,1595.56,34065,1450,297,37,10997.49,3.98,4.256568325260531,1.1003862068965518,2.5517241379310347,43.123243243243245,6.892558098723959,297.22945945945946,2025-44
CMP-0048,2025-11-04,Student Offer - LinkedIn Ads,LinkedIn Ads,Melbourne,Students,Lead Generation,898.25,17321,231,40,2,459.4,4.45,1.3336412447318284,3.8885281385281387,0.8658008658008658,449.125,0.5114389089897021,229.7,2025-44
CMP-0176,2025-11-04,Summer Launch - Retargeting,Retargeting,Melbourne,Families,Ticket Sales,799.13,11940,1118,227,58,14444.72,4.26,9.363484087102178,0.7147853309481217,5.18783542039356,13.778103448275862,18.075557168420655,249.04689655172413,2025-44
CMP-0365,2025-11-04,Student Offer - Google Search,Google Search,Brisbane,Students,Awareness,783.92,11514,656,87,9,1929.09,3.8,5.697411846447803,1.1949999999999998,1.3719512195121952,87.10222222222222,2.4608250841922645,214.34333333333333,2025-44
CMP-0403,2025-11-04,Early Bird - LinkedIn Ads,LinkedIn Ads,Sydney,Premium Experience Seekers,Awareness,1203.59,25227,334,68,3,1412.25,4.32,1.3239782772426367,3.6035628742514967,0.8982035928143712,401.19666666666666,1.1733646839870722,470.75,2025-44
CMP-0028,2025-11-06,Last Mile Sales - LinkedIn Ads,LinkedIn Ads,Sydney,Corporate Buyers,Ticket Sales,943.25,21989,291,53,3,1762.27,3.79,1.3233889672108783,3.241408934707904,1.0309278350515463,314.4166666666667,1.8682957858468063,587.4233333333333,2025-44
CMP-0142,2025-11-06,VIP Upgrade - Retargeting,Retargeting,Sydney,Young Professionals,Lead Generation,741.69,12578,985,178,45,12539.55,4.27,7.831133725552553,0.7529847715736041,4.568527918781726,16.482000000000003,16.906726529951865,278.65666666666664,2025-44
CMP-0377,2025-11-06,Student Offer - LinkedIn Ads,LinkedIn Ads,Melbourne,Corporate Buyers,Awareness,684.89,18293,247,40,2,811.47,3.99,1.3502432624501175,2.772834008097166,0.8097165991902834,342.445,1.1848179999707984,405.735,2025-44
CMP-0043,2025-11-07,Last Mile Sales - Email,Email,Bangalore,Families,Retargeting,304.73,5144,509,76,30,5853.16,4.33,9.895023328149302,0.5986836935166995,5.893909626719057,10.157666666666668,19.207692055262033,195.10533333333333,2025-44
CMP-0205,2025-11-07,Corporate Outreach - Retargeting,Retargeting,Melbourne,Corporate Buyers,Awareness,643.81,7584,520,108,12,3168.5,3.96,6.856540084388185,1.2380961538461537,2.307692307692308,53.65083333333333,4.9214830462403505,264.0416666666667,2025-44
CMP-0431,2025-11-07,Summer Launch - Meta Ads,Meta Ads,Bangalore,Families,Awareness,1117.33,23941,519,115,6,618.98,4.18,2.1678292468986258,2.1528516377649325,1.1560693641618496,186.22166666666666,0.5539813662928589,103.16333333333334,2025-44
CMP-0300,2025-11-08,VIP Upgrade - Influencer,Influencer,Delhi,Music Enthusiasts,Ticket Sales,789.07,19658,610,107,9,1720.47,5.0,3.1030623664665784,1.2935573770491804,1.4754098360655739,87.67444444444445,2.1803768993878867,191.16333333333333,2025-44
CMP-0402,2025-11-08,Student Offer - LinkedIn Ads,LinkedIn Ads,Melbourne,Premium Experience Seekers,Ticket Sales,756.95,17564,252,56,3,1691.37,4.38,1.4347529036665907,3.0037698412698415,1.1904761904761905,252.3166666666667,2.2344540590527773,563.79,2025-44
CMP-0007,2025-11-09,Festival Push - Meta Ads,Meta Ads,Delhi,Students,Awareness,1019.08,23196,578,107,6,848.26,4.36,2.491808932574582,1.7631141868512112,1.0380622837370241,169.84666666666666,0.832378223495702,141.37666666666667,2025-45
CMP-0128,2025-11-09,Festival Push - Sponsorship,Sponsorship,Sydney,Students,Ticket Sales,1486.84,40354,773,165,12,3676.22,4.36,1.9155474054616644,1.9234670116429495,1.5523932729624839,123.90333333333332,2.4725054477953243,306.35166666666663,2025-45
CMP-0143,2025-11-10,Festival Push - Retargeting,Retargeting,Delhi,Students,Awareness,447.74,7466,544,97,14,2914.91,3.58,7.286364854004821,0.8230514705882354,2.5735294117647056,31.981428571428573,6.510273819627462,208.20785714285714,2025-45
CMP-0106,2025-11-11,Corporate Outreach - LinkedIn Ads,LinkedIn Ads,Melbourne,Students,Awareness,681.43,11686,137,35,1,352.79,4.03,1.172342974499401,4.973941605839416,0.7299270072992701,681.43,0.5177200886371308,352.79,2025-45
CMP-0111,2025-11-12,Corporate Outreach - Google Search,Google Search,Melbourne,Families,Ticket Sales,1093.49,21653,1102,166,42,10585.83,4.41,5.089364060407334,0.9922776769509982,3.8112522686025407,26.035476190476192,9.680774401229092,252.04357142857143,2025-45
CMP-0148,2025-11-12,Student Offer - LinkedIn Ads,LinkedIn Ads,Melbourne,Corporate Buyers,Lead Generation,898.32,17458,282,45,1,335.74,4.01,1.6153053041585521,3.185531914893617,0.3546099290780142,898.32,0.3737420963576454,335.74,2025-45
CMP-0290,2025-11-13,Festival Push - LinkedIn Ads,LinkedIn Ads,Mumbai,Premium Experience Seekers,Lead Generation,961.35,21090,332,48,3,1362.82,4.43,1.5742057847321005,2.895632530120482,0.9036144578313252,320.45,1.4176106516877307,454.2733333333333,2025-45
CMP-0336,2025-11-13,Student Offer - Influencer,Influencer,Sydney,Families,Lead Generation,1216.13,23457,625,143,6,1278.24,4.15,2.664449844396129,1.9458080000000002,0.96,202.68833333333336,1.051071842648401,213.04,2025-45
CMP-0123,2025-11-14,Weekend Boost - Retargeting,Retargeting,Melbourne,Corporate Buyers,Retargeting,905.15,16930,1157,188,54,17100.81,4.29,6.834022445363261,0.7823249783923941,4.66724286949006,16.762037037037036,18.892791250069052,316.6816666666667,2025-45
CMP-0458,2025-11-14,Weekend Boost - Meta Ads,Meta Ads,Sydney,Music Enthusiasts,Awareness,1222.62,27394,862,95,12,2797.32,4.55,3.1466744542600567,1.4183526682134568,1.3921113689095126,101.88499999999999,2.287971732836041,233.11,2025-45
CMP-0520,2025-11-14,Last Mile Sales - Google Search,Google Search,Sydney,Students,Lead Generation,828.47,12395,533,94,15,3405.48,4.26,4.300121016538927,1.5543527204502814,2.8142589118198873,55.23133333333333,4.110565258850652,227.032,2025-45
CMP-0102,2025-11-15,Last Mile Sales - Meta Ads,Meta Ads,Mumbai,Young Professionals,Retargeting,590.99,9013,227,38,2,312.99,3.9,2.518584267169644,2.6034801762114537,0.881057268722467,295.495,0.5296028697609096,156.495,2025-45
CMP-0421,2025-11-15,VIP Upgrade - Google Search,Google Search,Brisbane,Students,Retargeting,1372.57,32097,1534,253,41,9220.29,4.19,4.77926285945727,0.8947653194263363,2.6727509778357237,33.47731707317073,6.717537174788901,224.88512195121953,2025-45
CMP-0426,2025-11-15,Corporate Outreach - Email,Email,Melbourne,Corporate Buyers,Lead Generation,162.12,3090,346,44,10,2072.07,4.12,11.197411003236246,0.4685549132947977,2.8901734104046244,16.212,12.781088082901555,207.20700000000002,2025-45
CMP-0440,2025-11-16,Early Bird - Google Search,Google Search,Melbourne,Families,Ticket Sales,1249.78,26753,1286,189,37,6021.58,4.51,4.806937539715172,0.9718351477449455,2.8771384136858478,33.777837837837836,4.818111987709837,162.7454054054054,2025-46
CMP-0472,2025-11-16,Early Bird - Email,Email,Melbourne,Young Professionals,Ticket Sales,444.38,8324,731,156,43,6934.17,3.97,8.781835655934648,0.607906976744186,5.88235294117647,10.334418604651162,15.60414510103965,161.25976744186048,2025-46
CMP-0095,2025-11-17,VIP Upgrade - Google Search,Google Search,Melbourne,Students,Ticket Sales,1752.36,36755,1859,362,62,12758.31,4.06,5.057815263229493,0.9426358257127487,3.335126412049489,28.263870967741934,7.280644388139423,205.7791935483871,2025-46
CMP-0292,2025-11-17,Summer Launch - Sponsorship,Sponsorship,Brisbane,Students,Retargeting,1176.42,22298,402,71,3,1032.65,4.22,1.8028522737465242,2.9264179104477615,0.7462686567164178,392.14000000000004,0.8777902449805342,344.2166666666667,2025-46
CMP-0294,2025-11-17,Student Offer - Google Search,Google Search,Brisbane,Families,Awareness,1397.11,32556,1447,242,6,1142.12,4.02,4.444649219805872,0.9655217691776088,0.414651002073255,232.85166666666666,0.8174875278252964,190.35333333333332,2025-46
CMP-0496,2025-11-17,Student Offer - Retargeting,Retargeting,Melbourne,Students,Sponsorship,754.91,10779,872,175,44,7115.67,3.52,8.08980424900269,0.8657224770642201,5.045871559633028,17.157045454545454,9.42585208832841,161.71977272727273,2025-46
CMP-0443,2025-11-18,Corporate Outreach - Influencer,Influencer,Sydney,Young Professionals,Awareness,536.71,10727,393,76,3,844.33,3.94,3.6636524657406544,1.365674300254453,0.7633587786259541,178.90333333333334,1.5731586890499525,281.4433333333333,2025-46
CMP-0360,2025-11-19,Summer Launch - Meta Ads,Meta Ads,Brisbane,Students,Awareness,766.48,21002,531,109,1,194.3,4.71,2.528330635177602,1.4434651600753297,0.18832391713747645,766.48,0.2534965034965035,194.3,2025-46
CMP-0150,2025-11-21,Summer Launch - LinkedIn Ads,LinkedIn Ads,Bangalore,Young Professionals,Lead Generation,703.36,7664,119,20,1,399.63,4.0,1.552713987473904,5.910588235294118,0.8403361344537815,703.36,0.5681727707006369,399.63,2025-46
CMP-0196,2025-11-21,VIP Upgrade - Influencer,Influencer,Melbourne,Students,Awareness,740.81,12141,355,79,2,238.8,4.53,2.923976608187134,2.086788732394366,0.5633802816901409,370.405,0.3223498602880631,119.4,2025-46
CMP-0234,2025-11-22,Weekend Boost - Sponsorship,Sponsorship,Melbourne,Students,Ticket Sales,1441.92,25056,507,116,9,3757.17,4.12,2.023467432950192,2.8440236686390534,1.7751479289940828,160.21333333333334,2.6056716045272967,417.46333333333337,2025-46
CMP-0383,2025-11-23,Corporate Outreach - Google Search,Google Search,Melbourne,Corporate Buyers,Retargeting,1406.91,27129,1375,282,29,8285.16,3.8,5.068377013527959,1.0232072727272727,2.109090909090909,48.51413793103448,5.888905473697678,285.6951724137931,2025-47
CMP-0395,2025-11-23,Early Bird - Influencer,Influencer,Bangalore,Music Enthusiasts,Retargeting,929.59,15985,638,131,7,1361.16,4.41,3.9912417891773537,1.457037617554859,1.09717868338558,132.79857142857142,1.4642584365150229,194.45142857142858,2025-47
CMP-0198,2025-11-24,Corporate Outreach - Email,Email,Sydney,Students,Ticket Sales,106.99,1804,170,29,8,1347.36,4.41,9.42350332594235,0.6293529411764706,4.705882352941177,13.37375,12.593326479110196,168.42,2025-47
CMP-0133,2025-11-25,Early Bird - Google Search,Google Search,Sydney,Music Enthusiasts,Lead Generation,1323.6,22687,1458,246,18,3688.54,3.24,6.426587913783225,0.9078189300411522,1.2345679012345678,73.53333333333333,2.786748262314899,204.9188888888889,2025-47
CMP-0197,2025-11-25,Corporate Outreach - Meta Ads,Meta Ads,Melbourne,Students,Awareness,1299.86,20607,547,111,2,372.4,3.79,2.6544378123938466,2.376343692870201,0.3656307129798903,649.93,0.2864923914883141,186.2,2025-47
CMP-0208,2025-11-25,Festival Push - Google Search,Google Search,Delhi,Families,Awareness,396.26,8724,396,71,6,1243.34,4.48,4.53920220082531,1.0006565656565656,1.5151515151515151,66.04333333333334,3.1376873769747133,207.22333333333333,2025-47
CMP-0010,2025-11-26,VIP Upgrade - LinkedIn Ads,LinkedIn Ads,Sydney,Students,Awareness,1037.64,13583,205,38,1,201.29,4.23,1.5092394905396451,5.061658536585366,0.4878048780487805,1037.64,0.19398828109941788,201.29,2025-47
CMP-0514,2025-11-28,VIP Upgrade - Google Search,Google Search,Bangalore,Music Enthusiasts,Retargeting,1522.87,30327,1899,429,90,32361.77,3.84,6.261746958156099,0.8019325961032122,4.739336492890995,16.920777777777776,21.250513832434812,359.57522222222224,2025-47
CMP-0036,2025-11-29,Summer Launch - Google Search,Google Search,Delhi,Young Professionals,Awareness,1432.41,27125,1380,288,11,2080.43,3.68,5.087557603686636,1.0379782608695654,0.7971014492753623,130.2190909090909,1.452398405484463,189.13,2025-47
CMP-0494,2025-11-29,Festival Push - Meta Ads,Meta Ads,Melbourne,Students,Awareness,80.0,1815,65,7,1,59.19,4.53,3.581267217630854,1.2307692307692308,1.5384615384615385,80.0,0.739875,59.19,2025-47
CMP-0311,2025-11-30,Last Mile Sales - Influencer,Influencer,Brisbane,Music Enthusiasts,Ticket Sales,621.88,16431,605,92,7,1426.59,3.79,3.682064390481407,1.027900826446281,1.1570247933884297,88.84,2.29399562616582,203.79857142857142,2025-48
CMP-0492,2025-11-30,Summer Launch - Retargeting,Retargeting,Bangalore,Young Professionals,Ticket Sales,663.25,9919,676,124,39,9526.54,4.52,6.8152031454783755,0.9811390532544378,5.769230769230769,17.006410256410255,14.363422540520167,244.27025641025642,2025-48
CMP-0083,2025-12-01,Last Mile Sales - Google Search,Google Search,Melbourne,Students,Lead Generation,1670.11,35335,1719,329,11,2396.05,2.92,4.864864864864865,0.9715590459569516,0.6399069226294357,151.8281818181818,1.4346659800851442,217.8227272727273,2025-48
CMP-0047,2025-12-02,VIP Upgrade - Google Search,Google Search,Delhi,Students,Ticket Sales,920.61,16760,942,117,30,5312.62,4.6,5.620525059665871,0.9772929936305733,3.1847133757961785,30.687,5.770760691280781,177.08733333333333,2025-48
CMP-0137,2025-12-03,Student Offer - Google Search,Google Search,Melbourne,Young Professionals,Lead Generation,1298.97,21736,896,131,19,3740.57,4.26,4.122193595877807,1.4497433035714287,2.1205357142857144,68.36684210526316,2.879643101842229,196.8721052631579,2025-48
CMP-0465,2025-12-03,Student Offer - Meta Ads,Meta Ads,Brisbane,Music Enthusiasts,Awareness,1089.03,18442,425,91,4,1143.97,4.83,2.3045222860861077,2.5624235294117645,0.9411764705882352,272.2575,1.0504485643187056,285.9925,2025-48
CMP-0112,2025-12-04,Summer Launch - Google Search,Google Search,Mumbai,Young Professionals,Ticket Sales,1031.74,20731,961,227,32,8061.06,4.62,4.635569919444311,1.0736108220603537,3.329864724245578,32.241875,7.813073061042511,251.908125,2025-48
CMP-0103,2025-12-06,Summer Launch - Sponsorship,Sponsorship,Bangalore,Corporate Buyers,Awareness,675.3,13190,194,34,1,513.07,4.25,1.470811220621683,3.480927835051546,0.5154639175257731,675.3,0.7597660299126315,513.07,2025-48
CMP-0190,2025-12-06,Weekend Boost - Retargeting,Retargeting,Melbourne,Young Professionals,Awareness,539.41,9458,568,80,16,2594.27,4.32,6.005497991118629,0.9496654929577464,2.8169014084507045,33.713125,4.809458482415973,162.141875,2025-48
CMP-0221,2025-12-06,Corporate Outreach - Email,Email,Bangalore,Young Professionals,Retargeting,368.7,7058,438,107,25,4652.22,4.07,6.205724001133466,0.8417808219178082,5.707762557077626,14.748,12.617900732302687,186.08880000000002,2025-48
CMP-0462,2025-12-06,Early Bird - Google Search,Google Search,Melbourne,Young Professionals,Ticket Sales,905.37,17727,671,73,26,5739.74,4.51,3.7851864387657246,1.349284649776453,3.8748137108792844,34.82192307692308,6.339662237538244,220.75923076923075,2025-48
CMP-0065,2025-12-07,Last Mile Sales - Google Search,Google Search,Melbourne,Students,Awareness,1532.45,20719,641,137,16,2492.65,3.55,3.0937786572711037,2.3907176287051484,2.49609984399376,95.778125,1.626578354921857,155.790625,2025-49
CMP-0115,2025-12-08,Weekend Boost - Email,Email,Mumbai,Music Enthusiasts,Ticket Sales,288.86,4413,464,72,21,4793.32,4.84,10.514389304328121,0.6225431034482759,4.525862068965517,13.755238095238095,16.593920930554592,228.25333333333333,2025-49
CMP-0436,2025-12-09,Corporate Outreach - Meta Ads,Meta Ads,Delhi,Students,Ticket Sales,888.74,18982,496,64,10,602.95,4.04,2.613001791170583,1.7918145161290322,2.0161290322580645,88.874,0.6784323874248938,60.295,2025-49
CMP-0313,2025-12-11,Student Offer - Meta Ads,Meta Ads,Melbourne,Corporate Buyers,Lead Generation,1114.62,26086,796,165,12,2927.41,3.99,3.051445219658054,1.4002763819095476,1.507537688442211,92.88499999999999,2.6263749080404084,243.95083333333332,2025-49
CMP-0343,2025-12-11,Corporate Outreach - Meta Ads,Meta Ads,Melbourne,Families,Lead Generation,1644.72,29764,612,62,8,1239.29,3.97,2.0561752452627333,2.687450980392157,1.3071895424836601,205.59,0.7534960357994066,154.91125,2025-49
CMP-0017,2025-12-12,Early Bird - Google Search,Google Search,Bangalore,Corporate Buyers,Retargeting,1827.82,49158,2473,411,124,30794.47,3.89,5.030717278977989,0.7391103922361504,5.014152850788516,14.740483870967742,16.84764911205699,248.3425,2025-49
CMP-0108,2025-12-13,VIP Upgrade - Google Search,Google Search,Sydney,Students,Lead Generation,1445.84,32191,1508,212,25,5118.08,4.31,4.68453915690721,0.9587798408488063,1.6578249336870028,57.8336,3.539866098600122,204.7232,2025-49
CMP-0279,2025-12-13,Weekend Boost - LinkedIn Ads,LinkedIn Ads,Mumbai,Families,Lead Generation,929.38,14918,152,23,1,373.19,3.72,1.018903338249095,6.114342105263158,0.6578947368421052,929.38,0.40154726807118724,373.19,2025-49
CMP-0453,2025-12-13,Last Mile Sales - Retargeting,Retargeting,Sydney,Premium Experience Seekers,Lead Generation,987.74,20453,1215,188,24,5296.52,4.56,5.940448833911895,0.812954732510288,1.9753086419753085,41.155833333333334,5.362261323830158,220.68833333333336,2025-49
CMP-0055,2025-12-14,Student Offer - Meta Ads,Meta Ads,Bangalore,Young Professionals,Awareness,809.96,17725,432,71,6,924.36,3.36,2.4372355430183354,1.8749074074074075,1.3888888888888888,134.99333333333334,1.1412415427922367,154.06,2025-50
CMP-0153,2025-12-14,Student Offer - Google Search,Google Search,Melbourne,Music Enthusiasts,Lead Generation,978.87,17318,951,154,29,6837.46,3.98,5.491396235131077,1.0293059936908517,3.0494216614090432,33.754137931034485,6.9850541951433796,235.77448275862068,2025-50
CMP-0199,2025-12-14,Last Mile Sales - Sponsorship,Sponsorship,Brisbane,Families,Awareness,1706.3,40325,742,53,4,2343.18,4.01,1.8400495970241786,2.299595687331536,0.5390835579514826,426.575,1.3732520658735274,585.795,2025-50
CMP-0460,2025-12-14,VIP Upgrade - Google Search,Google Search,Mumbai,Premium Experience Seekers,Retargeting,1005.43,23280,1389,301,46,27415.06,4.57,5.966494845360825,0.7238516918646508,3.311735061195104,21.85717391304348,27.267000188973874,595.9795652173914,2025-50
CMP-0474,2025-12-15,Festival Push - Retargeting,Retargeting,Sydney,Young Professionals,Awareness,903.85,11702,1008,170,35,5492.85,4.2,8.613912151768927,0.8966765873015873,3.4722222222222223,25.824285714285715,6.077169884383471,156.93857142857144,2025-50
CMP-0245,2025-12-16,Last Mile Sales - Meta Ads,Meta Ads,Delhi,Young Professionals,Ticket Sales,1165.39,25919,667,133,9,1695.5,4.54,2.5734017516107874,1.7472113943028487,1.3493253373313343,129.48777777777778,1.454877766241344,188.38888888888889,2025-50
CMP-0015,2025-12-18,Student Offer - Email,Email,Sydney,Young Professionals,Sponsorship,403.47,8690,776,138,31,6433.98,4.04,8.929804372842348,0.5199355670103093,3.994845360824742,13.015161290322581,15.946613131087812,207.54774193548386,2025-50
CMP-0114,2025-12-18,Summer Launch - LinkedIn Ads,LinkedIn Ads,Brisbane,Music Enthusiasts,Retargeting,684.43,10519,121,22,0,0.0,4.46,1.1502994581233958,5.6564462809917355,0.0,0.0,0.0,0.0,2025-50
CMP-0341,2025-12-20,Festival Push - Google Search,Google Search,Melbourne,Families,Ticket Sales,1158.26,19802,804,104,11,1861.82,4.42,4.06019593980406,1.4406218905472636,1.3681592039800996,105.29636363636364,1.6074283839552432,169.25636363636363,2025-50
CMP-0483,2025-12-22,VIP Upgrade - Google Search,Google Search,Sydney,Young Professionals,Awareness,471.12,7367,331,60,4,938.84,3.77,4.493009366092032,1.423323262839879,1.2084592145015105,117.78,1.9927831550348107,234.71,2025-51
CMP-0367,2025-12-23,Corporate Outreach - Retargeting,Retargeting,Sydney,Families,Awareness,1128.55,22440,1703,330,45,6973.55,4.94,7.589126559714796,0.6626834997064004,2.6423957721667644,25.078888888888887,6.179212263523992,154.96777777777777,2025-51
CMP-0394,2025-12-23,Festival Push - Influencer,Influencer,Melbourne,Music Enthusiasts,Lead Generation,567.74,9685,247,47,1,217.95,3.45,2.5503355704697985,2.2985425101214574,0.4048582995951417,567.74,0.38389051326311335,217.95,2025-51
CMP-0185,2025-12-24,Summer Launch - Email,Email,Delhi,Corporate Buyers,Lead Generation,364.47,8617,821,161,22,5230.16,4.24,9.52767784611814,0.4439342265529842,2.679658952496955,16.56681818181818,14.35004252750569,237.73454545454544,2025-51
CMP-0342,2025-12-24,Last Mile Sales - LinkedIn Ads,LinkedIn Ads,Mumbai,Families,Retargeting,915.51,20662,323,40,4,834.61,5.0,1.563256219146259,2.8343962848297215,1.238390092879257,228.8775,0.9116339526602659,208.6525,2025-51
CMP-0374,2025-12-24,Last Mile Sales - Meta Ads,Meta Ads,Brisbane,Families,Ticket Sales,851.91,19995,474,77,5,895.26,4.61,2.3705926481620407,1.797278481012658,1.0548523206751055,170.382,1.0508856569355918,179.052,2025-51
CMP-0109,2025-12-25,Early Bird - Email,Email,Melbourne,Families,Awareness,434.42,6948,832,134,27,4316.1,4.06,11.974668969487624,0.5221394230769231,3.245192307692308,16.08962962962963,9.935316053588693,159.85555555555558,2025-51
CMP-0140,2025-12-25,Festival Push - Retargeting,Retargeting,Bangalore,Students,Ticket Sales,766.16,16306,1207,283,49,8137.35,4.6,7.40218324543113,0.6347638773819386,4.059652029826015,15.635918367346939,10.62095384776026,166.06836734693877,2025-51
CMP-0419,2025-12-28,Last Mile Sales - Influencer,Influencer,Sydney,Families,Lead Generation,899.16,17130,599,89,4,744.12,4.21,3.4967892586106246,1.5011018363939899,0.667779632721202,224.79,0.8275724009075137,186.03,2025-52
CMP-0155,2025-12-30,VIP Upgrade - Google Search,Google Search,Sydney,Students,Awareness,928.79,29013,1386,252,17,4697.2,4.59,4.777168855340709,0.6701226551226551,1.2265512265512266,54.63470588235294,5.057332658620355,276.3058823529412,2025-52
CMP-0491,2025-12-30,Last Mile Sales - Retargeting,Retargeting,Delhi,Music Enthusiasts,Ticket Sales,754.85,16489,1238,214,45,11380.99,4.08,7.508035660137061,0.6097334410339257,3.634894991922456,16.774444444444445,15.077154401536728,252.91088888888888,2025-52
CMP-0332,2025-12-31,Weekend Boost - Google Search,Google Search,Melbourne,Corporate Buyers,Awareness,1134.71,22887,1571,255,26,11444.11,4.07,6.86415869270765,0.7222851686823679,1.6549968173138128,43.64269230769231,10.085493209718782,440.1580769230769,2025-52
CMP-0391,2025-12-31,Corporate Outreach - Influencer,Influencer,Melbourne,Corporate Buyers,Retargeting,703.01,12441,400,77,5,1743.26,3.98,3.2151756289687325,1.757525,1.25,140.602,2.4797086812420877,348.652,2025-52
